--
-- PostgreSQL database dump
--

\restrict muoLaFmHfriDBBbgfO2tzXty68DOmfws3IuZKtQ8iitpcL2PleqhArivjNTyMi9

-- Dumped from database version 16.10
-- Dumped by pg_dump version 16.10

SET statement_timeout = 0;
SET lock_timeout = 0;
SET idle_in_transaction_session_timeout = 0;
SET client_encoding = 'UTF8';
SET standard_conforming_strings = on;
SELECT pg_catalog.set_config('search_path', '', false);
SET check_function_bodies = false;
SET xmloption = content;
SET client_min_messages = warning;
SET row_security = off;

DROP DATABASE IF EXISTS satellite_tickets;
--
-- Name: satellite_tickets; Type: DATABASE; Schema: -; Owner: postgres
--

CREATE DATABASE satellite_tickets WITH TEMPLATE = template0 ENCODING = 'UTF8' LOCALE_PROVIDER = libc LOCALE = 'en_US.utf8';


ALTER DATABASE satellite_tickets OWNER TO postgres;

\unrestrict muoLaFmHfriDBBbgfO2tzXty68DOmfws3IuZKtQ8iitpcL2PleqhArivjNTyMi9
\connect satellite_tickets
\restrict muoLaFmHfriDBBbgfO2tzXty68DOmfws3IuZKtQ8iitpcL2PleqhArivjNTyMi9

SET statement_timeout = 0;
SET lock_timeout = 0;
SET idle_in_transaction_session_timeout = 0;
SET client_encoding = 'UTF8';
SET standard_conforming_strings = on;
SELECT pg_catalog.set_config('search_path', '', false);
SET check_function_bodies = false;
SET xmloption = content;
SET client_min_messages = warning;
SET row_security = off;

--
-- Name: activity_check_result; Type: TYPE; Schema: public; Owner: postgres
--

CREATE TYPE public.activity_check_result AS ENUM (
    'pending',
    'approved',
    'rejected',
    'needs_revision'
);


ALTER TYPE public.activity_check_result OWNER TO postgres;

--
-- Name: notification_method; Type: TYPE; Schema: public; Owner: postgres
--

CREATE TYPE public.notification_method AS ENUM (
    'email',
    'telephone',
    'briefing',
    'verbal'
);


ALTER TYPE public.notification_method OWNER TO postgres;

SET default_tablespace = '';

SET default_table_access_method = heap;

--
-- Name: Attachments; Type: TABLE; Schema: public; Owner: postgres
--

CREATE TABLE public."Attachments" (
    "Id" bigint NOT NULL,
    "TicketId" bigint NOT NULL,
    "FileName" text NOT NULL,
    "ContentType" text NOT NULL,
    "Size" bigint NOT NULL,
    "StoragePath" text NOT NULL,
    "UploadedById" bigint NOT NULL,
    "UploadedAt" timestamp with time zone NOT NULL
);


ALTER TABLE public."Attachments" OWNER TO postgres;

--
-- Name: Attachments_Id_seq; Type: SEQUENCE; Schema: public; Owner: postgres
--

ALTER TABLE public."Attachments" ALTER COLUMN "Id" ADD GENERATED BY DEFAULT AS IDENTITY (
    SEQUENCE NAME public."Attachments_Id_seq"
    START WITH 1
    INCREMENT BY 1
    NO MINVALUE
    NO MAXVALUE
    CACHE 1
);


--
-- Name: CIJobs; Type: TABLE; Schema: public; Owner: postgres
--

CREATE TABLE public."CIJobs" (
    "Id" bigint NOT NULL,
    "TicketId" bigint NOT NULL,
    "CiRunId" text NOT NULL,
    "Status" character varying(50) NOT NULL,
    "CompletedAt" timestamp with time zone,
    "CreatedAt" timestamp with time zone NOT NULL
);


ALTER TABLE public."CIJobs" OWNER TO postgres;

--
-- Name: CIJobs_Id_seq; Type: SEQUENCE; Schema: public; Owner: postgres
--

ALTER TABLE public."CIJobs" ALTER COLUMN "Id" ADD GENERATED BY DEFAULT AS IDENTITY (
    SEQUENCE NAME public."CIJobs_Id_seq"
    START WITH 1
    INCREMENT BY 1
    NO MINVALUE
    NO MAXVALUE
    CACHE 1
);


--
-- Name: Components; Type: TABLE; Schema: public; Owner: postgres
--

CREATE TABLE public."Components" (
    "Id" bigint NOT NULL,
    "Name" text NOT NULL,
    "SubsystemId" bigint
);


ALTER TABLE public."Components" OWNER TO postgres;

--
-- Name: Components_Id_seq; Type: SEQUENCE; Schema: public; Owner: postgres
--

ALTER TABLE public."Components" ALTER COLUMN "Id" ADD GENERATED BY DEFAULT AS IDENTITY (
    SEQUENCE NAME public."Components_Id_seq"
    START WITH 1
    INCREMENT BY 1
    NO MINVALUE
    NO MAXVALUE
    CACHE 1
);


--
-- Name: ConfigurationItems; Type: TABLE; Schema: public; Owner: postgres
--

CREATE TABLE public."ConfigurationItems" (
    "Id" bigint NOT NULL,
    "Name" text NOT NULL,
    "Description" text
);


ALTER TABLE public."ConfigurationItems" OWNER TO postgres;

--
-- Name: ConfigurationItems_Id_seq; Type: SEQUENCE; Schema: public; Owner: postgres
--

ALTER TABLE public."ConfigurationItems" ALTER COLUMN "Id" ADD GENERATED BY DEFAULT AS IDENTITY (
    SEQUENCE NAME public."ConfigurationItems_Id_seq"
    START WITH 1
    INCREMENT BY 1
    NO MINVALUE
    NO MAXVALUE
    CACHE 1
);


--
-- Name: MilitaryRanks; Type: TABLE; Schema: public; Owner: postgres
--

CREATE TABLE public."MilitaryRanks" (
    "Id" integer NOT NULL,
    "Code" character varying(100) NOT NULL,
    "DisplayName" character varying(200) NOT NULL,
    "Description" character varying(500),
    "SortOrder" integer NOT NULL,
    "IsActive" boolean NOT NULL
);


ALTER TABLE public."MilitaryRanks" OWNER TO postgres;

--
-- Name: MilitaryRanks_Id_seq; Type: SEQUENCE; Schema: public; Owner: postgres
--

ALTER TABLE public."MilitaryRanks" ALTER COLUMN "Id" ADD GENERATED BY DEFAULT AS IDENTITY (
    SEQUENCE NAME public."MilitaryRanks_Id_seq"
    START WITH 1
    INCREMENT BY 1
    NO MINVALUE
    NO MAXVALUE
    CACHE 1
);


--
-- Name: NotificationActions; Type: TABLE; Schema: public; Owner: postgres
--

CREATE TABLE public."NotificationActions" (
    "Id" bigint NOT NULL,
    "NotificationId" bigint NOT NULL,
    "UserId" bigint NOT NULL,
    "ActionType" character varying(50) NOT NULL,
    "ActionData" text,
    "Notes" text,
    "PerformedAt" timestamp with time zone NOT NULL
);


ALTER TABLE public."NotificationActions" OWNER TO postgres;

--
-- Name: NotificationActions_Id_seq; Type: SEQUENCE; Schema: public; Owner: postgres
--

ALTER TABLE public."NotificationActions" ALTER COLUMN "Id" ADD GENERATED BY DEFAULT AS IDENTITY (
    SEQUENCE NAME public."NotificationActions_Id_seq"
    START WITH 1
    INCREMENT BY 1
    NO MINVALUE
    NO MAXVALUE
    CACHE 1
);


--
-- Name: NotificationReads; Type: TABLE; Schema: public; Owner: postgres
--

CREATE TABLE public."NotificationReads" (
    "Id" bigint NOT NULL,
    "NotificationId" bigint NOT NULL,
    "UserId" bigint NOT NULL,
    "ReadAt" timestamp with time zone NOT NULL,
    "ReadFrom" text
);


ALTER TABLE public."NotificationReads" OWNER TO postgres;

--
-- Name: NotificationReads_Id_seq; Type: SEQUENCE; Schema: public; Owner: postgres
--

ALTER TABLE public."NotificationReads" ALTER COLUMN "Id" ADD GENERATED BY DEFAULT AS IDENTITY (
    SEQUENCE NAME public."NotificationReads_Id_seq"
    START WITH 1
    INCREMENT BY 1
    NO MINVALUE
    NO MAXVALUE
    CACHE 1
);


--
-- Name: Notifications; Type: TABLE; Schema: public; Owner: postgres
--

CREATE TABLE public."Notifications" (
    id bigint NOT NULL,
    notification_type integer NOT NULL,
    notification_priority integer NOT NULL,
    ticket_id bigint NOT NULL,
    title character varying(200) NOT NULL,
    message character varying(1000) NOT NULL,
    action_url text,
    created_by_user_id bigint NOT NULL,
    is_global boolean NOT NULL,
    target_user_id bigint,
    target_role text,
    requires_action boolean NOT NULL,
    is_resolved boolean NOT NULL,
    resolved_at timestamp with time zone,
    resolved_by_user_id bigint,
    created_at timestamp with time zone NOT NULL,
    expires_at timestamp with time zone
);


ALTER TABLE public."Notifications" OWNER TO postgres;

--
-- Name: Notifications_id_seq; Type: SEQUENCE; Schema: public; Owner: postgres
--

ALTER TABLE public."Notifications" ALTER COLUMN id ADD GENERATED BY DEFAULT AS IDENTITY (
    SEQUENCE NAME public."Notifications_id_seq"
    START WITH 1
    INCREMENT BY 1
    NO MINVALUE
    NO MAXVALUE
    CACHE 1
);


--
-- Name: ProgressRequests; Type: TABLE; Schema: public; Owner: postgres
--

CREATE TABLE public."ProgressRequests" (
    "Id" bigint NOT NULL,
    ticket_id bigint NOT NULL,
    requested_by_user_id bigint NOT NULL,
    target_user_id bigint NOT NULL,
    request_message text,
    requested_at timestamp with time zone NOT NULL,
    due_date timestamp with time zone,
    is_responded boolean NOT NULL,
    responded_at timestamp with time zone,
    responded_by_user_id bigint,
    response_action_id bigint,
    status character varying(50) NOT NULL,
    notification_id bigint,
    progress_info text,
    progress_percentage integer,
    estimated_completion timestamp with time zone
);


ALTER TABLE public."ProgressRequests" OWNER TO postgres;

--
-- Name: ProgressRequests_Id_seq; Type: SEQUENCE; Schema: public; Owner: postgres
--

ALTER TABLE public."ProgressRequests" ALTER COLUMN "Id" ADD GENERATED BY DEFAULT AS IDENTITY (
    SEQUENCE NAME public."ProgressRequests_Id_seq"
    START WITH 1
    INCREMENT BY 1
    NO MINVALUE
    NO MAXVALUE
    CACHE 1
);


--
-- Name: Subsystems; Type: TABLE; Schema: public; Owner: postgres
--

CREATE TABLE public."Subsystems" (
    "Id" bigint NOT NULL,
    "Name" text NOT NULL,
    "SystemId" bigint
);


ALTER TABLE public."Subsystems" OWNER TO postgres;

--
-- Name: Subsystems_Id_seq; Type: SEQUENCE; Schema: public; Owner: postgres
--

ALTER TABLE public."Subsystems" ALTER COLUMN "Id" ADD GENERATED BY DEFAULT AS IDENTITY (
    SEQUENCE NAME public."Subsystems_Id_seq"
    START WITH 1
    INCREMENT BY 1
    NO MINVALUE
    NO MAXVALUE
    CACHE 1
);


--
-- Name: Systems; Type: TABLE; Schema: public; Owner: postgres
--

CREATE TABLE public."Systems" (
    "Id" bigint NOT NULL,
    "Name" text NOT NULL
);


ALTER TABLE public."Systems" OWNER TO postgres;

--
-- Name: Systems_Id_seq; Type: SEQUENCE; Schema: public; Owner: postgres
--

ALTER TABLE public."Systems" ALTER COLUMN "Id" ADD GENERATED BY DEFAULT AS IDENTITY (
    SEQUENCE NAME public."Systems_Id_seq"
    START WITH 1
    INCREMENT BY 1
    NO MINVALUE
    NO MAXVALUE
    CACHE 1
);


--
-- Name: TicketActions; Type: TABLE; Schema: public; Owner: postgres
--

CREATE TABLE public."TicketActions" (
    "Id" bigint NOT NULL,
    "TicketId" bigint NOT NULL,
    "ActionType" character varying(50) NOT NULL,
    "FromStatus" character varying(50),
    "ToStatus" character varying(50),
    "Notes" text,
    "PerformedById" bigint NOT NULL,
    "PerformedAt" timestamp with time zone NOT NULL
);


ALTER TABLE public."TicketActions" OWNER TO postgres;

--
-- Name: TicketActions_Id_seq; Type: SEQUENCE; Schema: public; Owner: postgres
--

ALTER TABLE public."TicketActions" ALTER COLUMN "Id" ADD GENERATED BY DEFAULT AS IDENTITY (
    SEQUENCE NAME public."TicketActions_Id_seq"
    START WITH 1
    INCREMENT BY 1
    NO MINVALUE
    NO MAXVALUE
    CACHE 1
);


--
-- Name: TicketComments; Type: TABLE; Schema: public; Owner: postgres
--

CREATE TABLE public."TicketComments" (
    "Id" bigint NOT NULL,
    "TicketId" bigint NOT NULL,
    "Body" text NOT NULL,
    "CreatedById" bigint NOT NULL,
    "CreatedAt" timestamp with time zone NOT NULL
);


ALTER TABLE public."TicketComments" OWNER TO postgres;

--
-- Name: TicketComments_Id_seq; Type: SEQUENCE; Schema: public; Owner: postgres
--

ALTER TABLE public."TicketComments" ALTER COLUMN "Id" ADD GENERATED BY DEFAULT AS IDENTITY (
    SEQUENCE NAME public."TicketComments_Id_seq"
    START WITH 1
    INCREMENT BY 1
    NO MINVALUE
    NO MAXVALUE
    CACHE 1
);


--
-- Name: UserPermissions; Type: TABLE; Schema: public; Owner: postgres
--

CREATE TABLE public."UserPermissions" (
    "Id" bigint NOT NULL,
    "UserId" bigint NOT NULL,
    "PermissionType" integer NOT NULL,
    "CanView" boolean NOT NULL,
    "CanCreate" boolean NOT NULL,
    "CanEdit" boolean NOT NULL,
    "CanDelete" boolean NOT NULL,
    "GrantedAt" timestamp with time zone NOT NULL,
    "GrantedById" bigint NOT NULL
);


ALTER TABLE public."UserPermissions" OWNER TO postgres;

--
-- Name: UserPermissions_Id_seq; Type: SEQUENCE; Schema: public; Owner: postgres
--

ALTER TABLE public."UserPermissions" ALTER COLUMN "Id" ADD GENERATED BY DEFAULT AS IDENTITY (
    SEQUENCE NAME public."UserPermissions_Id_seq"
    START WITH 1
    INCREMENT BY 1
    NO MINVALUE
    NO MAXVALUE
    CACHE 1
);


--
-- Name: __EFMigrationsHistory; Type: TABLE; Schema: public; Owner: postgres
--

CREATE TABLE public."__EFMigrationsHistory" (
    "MigrationId" character varying(150) NOT NULL,
    "ProductVersion" character varying(32) NOT NULL
);


ALTER TABLE public."__EFMigrationsHistory" OWNER TO postgres;

--
-- Name: configuration; Type: TABLE; Schema: public; Owner: postgres
--

CREATE TABLE public.configuration (
    id bigint NOT NULL,
    expiration_date timestamp with time zone,
    pdfreport_date timestamp with time zone,
    is_active boolean NOT NULL,
    created_date timestamp with time zone NOT NULL,
    updated_date timestamp with time zone NOT NULL,
    updated_by_id bigint,
    excel_date_time_format text DEFAULT ''::text NOT NULL,
    excel_timezone text DEFAULT ''::text NOT NULL
);


ALTER TABLE public.configuration OWNER TO postgres;

--
-- Name: configuration_id_seq; Type: SEQUENCE; Schema: public; Owner: postgres
--

ALTER TABLE public.configuration ALTER COLUMN id ADD GENERATED BY DEFAULT AS IDENTITY (
    SEQUENCE NAME public.configuration_id_seq
    START WITH 1
    INCREMENT BY 1
    NO MINVALUE
    NO MAXVALUE
    CACHE 1
);


--
-- Name: progress_request_update; Type: TABLE; Schema: public; Owner: postgres
--

CREATE TABLE public.progress_request_update (
    id bigint NOT NULL,
    progress_request_id bigint NOT NULL,
    updated_by_user_id bigint NOT NULL,
    progress_info character varying(2000),
    progress_percentage integer,
    estimated_completion timestamp with time zone,
    updated_at timestamp with time zone NOT NULL,
    notification_id bigint
);


ALTER TABLE public.progress_request_update OWNER TO postgres;

--
-- Name: progress_request_update_id_seq; Type: SEQUENCE; Schema: public; Owner: postgres
--

ALTER TABLE public.progress_request_update ALTER COLUMN id ADD GENERATED BY DEFAULT AS IDENTITY (
    SEQUENCE NAME public.progress_request_update_id_seq
    START WITH 1
    INCREMENT BY 1
    NO MINVALUE
    NO MAXVALUE
    CACHE 1
);


--
-- Name: ticket; Type: TABLE; Schema: public; Owner: postgres
--

CREATE TABLE public.ticket (
    id bigint NOT NULL,
    external_code character varying(255) NOT NULL,
    title character varying(500) NOT NULL,
    description text NOT NULL,
    is_blocking boolean NOT NULL,
    status character varying(50) NOT NULL,
    confirmation_status character varying(50),
    technical_report_required boolean NOT NULL,
    ci_id bigint,
    component_id bigint,
    subsystem_id bigint,
    system_id bigint,
    item_description text,
    item_id text,
    item_serial_no text,
    created_at timestamp with time zone NOT NULL,
    updated_at timestamp with time zone NOT NULL,
    reaction_date timestamp with time zone,
    resolution_date timestamp with time zone,
    created_by_id bigint NOT NULL,
    last_updated_by_id bigint,
    is_active boolean NOT NULL,
    is_deleted boolean NOT NULL,
    detected_date timestamp with time zone,
    detected_contractor_notified_at timestamp with time zone,
    detected_notification_methods integer[],
    detected_by_user_id bigint,
    response_date timestamp with time zone,
    response_resolved_at timestamp with time zone,
    activity_control_commander_id bigint,
    activity_control_date timestamp with time zone,
    activity_control_personnel_id bigint,
    activity_control_result text,
    response_actions text,
    ttcoms_code text,
    response_resolved_by_user_id bigint,
    hp_no text,
    new_item_description text,
    new_item_id text,
    new_item_serial_no text,
    tentative_solution_date timestamp with time zone,
    activity_control_status integer,
    sub_contractor text,
    sub_contractor_notified_at timestamp with time zone
);


ALTER TABLE public.ticket OWNER TO postgres;

--
-- Name: ticket_id_seq; Type: SEQUENCE; Schema: public; Owner: postgres
--

ALTER TABLE public.ticket ALTER COLUMN id ADD GENERATED BY DEFAULT AS IDENTITY (
    SEQUENCE NAME public.ticket_id_seq
    START WITH 1
    INCREMENT BY 1
    NO MINVALUE
    NO MAXVALUE
    CACHE 1
);


--
-- Name: ticket_pause; Type: TABLE; Schema: public; Owner: postgres
--

CREATE TABLE public.ticket_pause (
    id bigint NOT NULL,
    ticket_id bigint NOT NULL,
    paused_by_user_id bigint NOT NULL,
    paused_at timestamp with time zone NOT NULL,
    resumed_at timestamp with time zone,
    resumed_by_user_id bigint,
    pause_reason character varying(1000) NOT NULL,
    resume_notes character varying(1000),
    created_at timestamp with time zone NOT NULL
);


ALTER TABLE public.ticket_pause OWNER TO postgres;

--
-- Name: ticket_pause_id_seq; Type: SEQUENCE; Schema: public; Owner: postgres
--

ALTER TABLE public.ticket_pause ALTER COLUMN id ADD GENERATED BY DEFAULT AS IDENTITY (
    SEQUENCE NAME public.ticket_pause_id_seq
    START WITH 1
    INCREMENT BY 1
    NO MINVALUE
    NO MAXVALUE
    CACHE 1
);


--
-- Name: ticket_response_personnel; Type: TABLE; Schema: public; Owner: postgres
--

CREATE TABLE public.ticket_response_personnel (
    ticket_id bigint NOT NULL,
    user_id bigint NOT NULL
);


ALTER TABLE public.ticket_response_personnel OWNER TO postgres;

--
-- Name: ticket_response_resolved_personnel; Type: TABLE; Schema: public; Owner: postgres
--

CREATE TABLE public.ticket_response_resolved_personnel (
    ticket_id bigint NOT NULL,
    user_id bigint NOT NULL
);


ALTER TABLE public.ticket_response_resolved_personnel OWNER TO postgres;

--
-- Name: user; Type: TABLE; Schema: public; Owner: postgres
--

CREATE TABLE public."user" (
    id bigint NOT NULL,
    email character varying(255) NOT NULL,
    password_hash text NOT NULL,
    display_name character varying(100) NOT NULL,
    role integer NOT NULL,
    created_at timestamp with time zone NOT NULL,
    updated_at timestamp with time zone NOT NULL,
    is_active boolean NOT NULL,
    phone_number character varying(20),
    affiliation integer,
    department text,
    military_rank_id integer,
    rank_code character varying(100),
    preferred_language character varying(10),
    created_by_id bigint,
    last_updated_by_id bigint,
    "position" integer,
    "RefreshToken" text,
    "RefreshTokenExpiryTime" timestamp with time zone
);


ALTER TABLE public."user" OWNER TO postgres;

--
-- Name: user_id_seq; Type: SEQUENCE; Schema: public; Owner: postgres
--

ALTER TABLE public."user" ALTER COLUMN id ADD GENERATED BY DEFAULT AS IDENTITY (
    SEQUENCE NAME public.user_id_seq
    START WITH 1
    INCREMENT BY 1
    NO MINVALUE
    NO MAXVALUE
    CACHE 1
);


--
-- Data for Name: Attachments; Type: TABLE DATA; Schema: public; Owner: postgres
--

COPY public."Attachments" ("Id", "TicketId", "FileName", "ContentType", "Size", "StoragePath", "UploadedById", "UploadedAt") FROM stdin;
\.


--
-- Data for Name: CIJobs; Type: TABLE DATA; Schema: public; Owner: postgres
--

COPY public."CIJobs" ("Id", "TicketId", "CiRunId", "Status", "CompletedAt", "CreatedAt") FROM stdin;
\.


--
-- Data for Name: Components; Type: TABLE DATA; Schema: public; Owner: postgres
--

COPY public."Components" ("Id", "Name", "SubsystemId") FROM stdin;
1	Yazılım	1
2	Donanım	\N
3	Prosedür	\N
\.


--
-- Data for Name: ConfigurationItems; Type: TABLE DATA; Schema: public; Owner: postgres
--

COPY public."ConfigurationItems" ("Id", "Name", "Description") FROM stdin;
1	SPC	\N
2	ANT	\N
3	CAD	\N
4	CDE	\N
5	CQS	\N
6	DHF	\N
7	DSS	\N
8	FDS	\N
9	Genel	\N
10	GIS	\N
11	IES	\N
12	IPS	\N
13	MFS	\N
14	MP	\N
15	MTZ-PLF	\N
16	NET-EQUIP	\N
17	PROCEDIT	\N
18	SAP	\N
19	SAW	\N
20	SHL	\N
21	SSPA	\N
22	SSS	\N
23	T&F	\N
24	TU-EXT-I/F	\N
25	X-BBB	\N
\.


--
-- Data for Name: MilitaryRanks; Type: TABLE DATA; Schema: public; Owner: postgres
--

COPY public."MilitaryRanks" ("Id", "Code", "DisplayName", "Description", "SortOrder", "IsActive") FROM stdin;
1	HV_ISTH_ASB_BCVS	Hv.İsth.Asb.Bçvş	\N	1	t
2	HV_ISTH_ASB_KD_BCVS	Hv.İsth.Asb.Kd.Bçvş	\N	2	t
4	HV_ISTH_ASB_KD_UCVS	Hv.İsth.Asb.Kd.Üçvş	\N	5	t
5	HV_ISTH_ASB_CVS	Hv.İsth.Asb.Çvş	\N	6	t
6	HV_ISTH_UTGM	Hv.İsth.Ütğm	\N	7	t
7	HV_MU_ASB_BCVS	Hv.Mu.Asb.Bçvş	\N	8	t
8	HV_MU_ASB_KD_BCVS	Hv.Mu.Asb.Kd.Bçvş	\N	9	t
9	HV_MU_ASB_KD_CVS	Hv.Mu.Asb.Kd.Çvş	\N	10	t
10	HV_MU_ASB_KD_UCVS	Hv.Mu.Asb.Kd.Üçvş	\N	11	t
11	HV_MU_ASB_CVS	Hv.Mu.Asb.Çvş	\N	12	t
12	HV_MUH_YZB	Hv.Müh.Yzb	\N	13	t
13	HV_MUH_UTGM	Hv.Müh.Ütğm	\N	14	t
\.


--
-- Data for Name: NotificationActions; Type: TABLE DATA; Schema: public; Owner: postgres
--

COPY public."NotificationActions" ("Id", "NotificationId", "UserId", "ActionType", "ActionData", "Notes", "PerformedAt") FROM stdin;
\.


--
-- Data for Name: NotificationReads; Type: TABLE DATA; Schema: public; Owner: postgres
--

COPY public."NotificationReads" ("Id", "NotificationId", "UserId", "ReadAt", "ReadFrom") FROM stdin;
15	13	3	2025-11-25 00:16:56.82947+00	\N
16	13	2	2025-11-25 00:19:40.847139+00	\N
17	13	1	2025-11-25 12:10:37.924362+00	\N
18	17	1	2025-11-25 12:24:06.211778+00	\N
19	16	1	2025-11-25 12:24:08.906069+00	\N
20	19	1	2025-11-25 23:33:41.122276+00	\N
21	20	1	2025-11-26 00:42:39.560403+00	\N
22	18	1	2025-11-26 00:42:43.508408+00	\N
23	21	1	2025-11-27 19:41:09.453317+00	\N
24	23	1	2025-11-29 09:01:33.750247+00	\N
\.


--
-- Data for Name: Notifications; Type: TABLE DATA; Schema: public; Owner: postgres
--

COPY public."Notifications" (id, notification_type, notification_priority, ticket_id, title, message, action_url, created_by_user_id, is_global, target_user_id, target_role, requires_action, is_resolved, resolved_at, resolved_by_user_id, created_at, expires_at) FROM stdin;
13	0	1	26	Yeni Sorun Oluşturuldu	#AKF-2025-11-23: asdasd	/tickets/26	2	t	\N	\N	f	f	\N	\N	2025-11-25 00:16:00.180545+00	\N
14	1	1	26	İlerleme Raporu Talep Edildi	AKF-2025-11-23 numaralı sorun için ilerleme raporu bekleniyor	/tickets/26	2	f	2	\N	t	f	\N	\N	2025-11-25 00:16:05.449069+00	2025-12-02 00:16:05.449069+00
15	1	1	26	İlerleme Raporu Talep Edildi	AKF-2025-11-23 numaralı sorun için ilerleme raporu bekleniyor	/tickets/26	2	f	2	\N	t	f	\N	\N	2025-11-25 00:20:38.209793+00	2025-12-02 00:20:38.209793+00
16	1	1	4	İlerleme Raporu Talep Edildi	AKF-2025-11-1 numaralı sorun için ilerleme raporu bekleniyor	/tickets/4	2	f	1	\N	t	f	\N	\N	2025-11-25 00:20:44.251497+00	2025-12-02 00:20:44.251497+00
17	0	1	27	Yeni Sorun Oluşturuldu	#AKF-2025-11-24: a yeni sorun	/tickets/27	1	t	\N	\N	f	f	\N	\N	2025-11-25 12:23:46.744553+00	\N
18	1	1	3	İlerleme Raporu Talep Edildi	TKT-2024-003 numaralı sorun için ilerleme raporu bekleniyor	/tickets/3	1	f	5	\N	t	f	\N	\N	2025-11-25 12:24:20.924664+00	2025-12-02 12:24:20.924664+00
19	1	1	27	İlerleme Raporu Talep Edildi	AKF-2025-11-24 numaralı sorun için ilerleme raporu bekleniyor	/tickets/27	1	f	1	\N	t	f	\N	\N	2025-11-25 12:24:41.042683+00	2025-12-02 12:24:41.042683+00
20	1	1	27	Bilgi Raporu Talep Edildi	AKF-2025-11-24 numaralı sorun için bilgi raporu bekleniyor	/tickets/27	1	t	1	\N	t	f	\N	\N	2025-11-26 00:07:21.851712+00	2025-12-03 00:07:21.851733+00
21	0	1	28	Yeni Sorun Oluşturuldu	#AKF-2025-11-25: a	/tickets/28	1	t	\N	\N	f	f	\N	\N	2025-11-27 19:38:39.60282+00	\N
22	0	1	29	Yeni Sorun Oluşturuldu	#AKF-2025-11-26: a	/tickets/29	1	t	\N	\N	f	f	\N	\N	2025-11-27 21:36:16.079518+00	\N
23	0	1	30	Yeni Sorun Oluşturuldu	#AKF-2025-11-27: a	/tickets/30	1	t	\N	\N	f	f	\N	\N	2025-11-28 13:40:03.942886+00	\N
24	0	1	31	Yeni Sorun Oluşturuldu	#AKF-2025-11-28: a	/tickets/31	1	t	\N	\N	f	f	\N	\N	2025-11-28 13:41:52.917878+00	\N
25	0	1	32	Yeni Sorun Oluşturuldu	#AKF-2025-11-29: a	/tickets/32	1	t	\N	\N	f	f	\N	\N	2025-11-28 15:40:26.292842+00	\N
26	1	1	32	Bilgi Raporu Talep Edildi	AKF-2025-11-29 numaralı sorun için bilgi raporu bekleniyor	/tickets/32	1	t	1	\N	t	f	\N	\N	2025-12-01 12:03:37.758267+00	2025-12-08 12:03:37.758297+00
27	1	1	3	Bilgi Raporu Talep Edildi	TKT-2024-003 numaralı sorun için bilgi raporu bekleniyor	/tickets/3	1	t	5	\N	t	f	\N	\N	2025-12-01 12:06:42.283367+00	2025-12-08 12:06:42.283367+00
28	1	1	3	Bilgi Raporu Talep Edildi	TKT-2024-003 numaralı sorun için bilgi raporu bekleniyor	/tickets/3	1	t	5	\N	t	f	\N	\N	2025-12-01 12:31:09.948574+00	2025-12-08 12:31:09.948604+00
29	1	1	30	Bilgi Raporu Talep Edildi	AKF-2025-11-27 numaralı sorun için bilgi raporu bekleniyor	/tickets/30	1	t	1	\N	t	f	\N	\N	2025-12-02 06:00:32.216556+00	2025-12-09 06:00:32.216589+00
30	0	1	33	Yeni Sorun Oluşturuldu	#AKF-2025-12-1: a	/tickets/33	1	t	\N	\N	f	f	\N	\N	2025-12-10 22:19:02.709975+00	\N
31	1	1	2	Bilgi Raporu Talep Edildi	TKT-2024-002 numaralı sorun için bilgi raporu bekleniyor	/tickets/2	1	t	5	\N	t	f	\N	\N	2025-12-10 23:04:30.101846+00	2025-12-17 23:04:30.101868+00
32	1	1	30	Bilgi Raporu Talep Edildi	AKF-2025-11-27 numaralı sorun için bilgi raporu bekleniyor	/tickets/30	1	t	1	\N	t	f	\N	\N	2025-12-10 23:05:03.886296+00	2025-12-17 23:05:03.886296+00
33	1	1	30	Bilgi Raporu Talep Edildi	AKF-2025-11-27 numaralı sorun için bilgi raporu bekleniyor	/tickets/30	1	t	1	\N	t	f	\N	\N	2025-12-10 23:05:48.292054+00	2025-12-17 23:05:48.292054+00
34	0	1	34	Yeni Sorun Oluşturuldu	#AKF-2025-12-2: aaa	/tickets/34	1	t	\N	\N	f	f	\N	\N	2025-12-11 08:43:49.528906+00	\N
35	1	1	34	Bilgi Raporu Talep Edildi	AKF-2025-12-2 numaralı sorun için bilgi raporu bekleniyor	/tickets/34	1	t	1	\N	t	f	\N	\N	2025-12-11 11:14:48.740055+00	2025-12-18 11:14:48.740055+00
36	1	1	34	Bilgi Raporu Talep Edildi	AKF-2025-12-2 numaralı sorun için bilgi raporu bekleniyor	/tickets/34	1	t	1	\N	t	f	\N	\N	2025-12-11 11:15:03.739212+00	2025-12-18 11:15:03.739212+00
37	1	1	34	Bilgi Raporu Talep Edildi	AKF-2025-12-2 numaralı sorun için bilgi raporu bekleniyor	/tickets/34	1	t	1	\N	t	f	\N	\N	2025-12-11 11:27:49.19788+00	2025-12-18 11:27:49.19788+00
38	1	1	33	Bilgi Raporu Talep Edildi	AKF-2025-12-1 numaralı sorun için bilgi raporu bekleniyor	/tickets/33	1	t	1	\N	t	f	\N	\N	2025-12-11 12:23:15.889011+00	2025-12-18 12:23:15.88904+00
39	1	1	33	Bilgi Raporu Talep Edildi	AKF-2025-12-1 numaralı sorun için bilgi raporu bekleniyor	/tickets/33	1	t	1	\N	t	f	\N	\N	2025-12-11 12:23:26.586894+00	2025-12-18 12:23:26.586894+00
40	1	1	33	Bilgi Raporu Talep Edildi	AKF-2025-12-1 numaralı sorun için bilgi raporu bekleniyor	/tickets/33	1	t	1	\N	t	f	\N	\N	2025-12-11 12:24:44.587528+00	2025-12-18 12:24:44.587528+00
41	1	1	34	Bilgi Raporu Talep Edildi	AKF-2025-12-2 numaralı sorun için bilgi raporu bekleniyor	/tickets/34	1	t	1	\N	t	f	\N	\N	2025-12-11 12:25:28.60567+00	2025-12-18 12:25:28.60567+00
42	1	1	34	Bilgi Raporu Talep Edildi	AKF-2025-12-2 numaralı sorun için bilgi raporu bekleniyor	/tickets/34	1	t	1	\N	t	f	\N	\N	2025-12-11 12:26:14.600116+00	2025-12-18 12:26:14.600116+00
43	1	1	34	Bilgi Raporu Talep Edildi	AKF-2025-12-2 numaralı sorun için bilgi raporu bekleniyor	/tickets/34	1	t	1	\N	t	f	\N	\N	2025-12-11 12:26:38.203417+00	2025-12-18 12:26:38.203417+00
44	1	1	34	Bilgi Raporu Talep Edildi	AKF-2025-12-2 numaralı sorun için bilgi raporu bekleniyor	/tickets/34	1	t	1	\N	t	f	\N	\N	2025-12-11 12:28:40.849524+00	2025-12-18 12:28:40.849524+00
45	1	1	34	Bilgi Raporu Talep Edildi	AKF-2025-12-2 numaralı sorun için bilgi raporu bekleniyor	/tickets/34	1	t	1	\N	t	f	\N	\N	2025-12-11 12:33:02.821929+00	2025-12-18 12:33:02.821956+00
46	1	1	2	Bilgi Raporu Talep Edildi	TKT-2024-002 numaralı sorun için bilgi raporu bekleniyor	/tickets/2	1	t	5	\N	t	f	\N	\N	2025-12-11 13:15:22.761543+00	2025-12-18 13:15:22.761578+00
47	0	1	35	Yeni Sorun Oluşturuldu	#AKF-2025-12-3: aaa	/tickets/35	1	t	\N	\N	f	f	\N	\N	2025-12-11 13:16:45.411975+00	\N
48	0	1	36	Yeni Sorun Oluşturuldu	#AKF-2025-12-4: a	/tickets/36	1	t	\N	\N	f	f	\N	\N	2025-12-11 13:21:19.371059+00	\N
49	1	1	36	Bilgi Raporu Talep Edildi	AKF-2025-12-4 numaralı sorun için bilgi raporu bekleniyor	/tickets/36	1	t	1	\N	t	f	\N	\N	2025-12-11 13:21:28.004893+00	2025-12-18 13:21:28.004893+00
50	0	1	37	Yeni Sorun Oluşturuldu	#AKF-2025-12-5: a	/tickets/37	1	t	\N	\N	f	f	\N	\N	2025-12-11 13:47:44.979236+00	\N
51	1	1	37	Bilgi Raporu Talep Edildi	AKF-2025-12-5 numaralı sorun için bilgi raporu bekleniyor	/tickets/37	1	t	1	\N	t	f	\N	\N	2025-12-11 13:48:12.944787+00	2025-12-18 13:48:12.944787+00
52	1	1	37	Bilgi Raporu Talep Edildi	AKF-2025-12-5 numaralı sorun için bilgi raporu bekleniyor	/tickets/37	1	t	1	\N	t	f	\N	\N	2025-12-11 13:50:48.946275+00	2025-12-18 13:50:48.946275+00
53	1	1	4	Bilgi Raporu Talep Edildi	AKF-2025-11-1 numaralı sorun için bilgi raporu bekleniyor	/tickets/4	1	t	1	\N	t	f	\N	\N	2025-12-13 10:38:26.844419+00	2025-12-20 10:38:26.844445+00
54	0	1	38	Yeni Sorun Oluşturuldu	#AKF-2025-12-6: a	/tickets/38	1	t	\N	\N	f	f	\N	\N	2025-12-13 20:08:15.892628+00	\N
55	1	1	38	Bilgi Raporu Talep Edildi	AKF-2025-12-6 numaralı sorun için bilgi raporu bekleniyor	/tickets/38	1	t	1	\N	t	f	\N	\N	2025-12-13 20:08:45.760094+00	2025-12-20 20:08:45.760094+00
56	1	1	38	Bilgi Raporu Talep Edildi	AKF-2025-12-6 numaralı sorun için bilgi raporu bekleniyor	/tickets/38	1	t	1	\N	t	f	\N	\N	2025-12-13 21:46:01.2841+00	2025-12-20 21:46:01.2841+00
57	0	1	39	Yeni Sorun Oluşturuldu	#AKF-2025-12-7: aaaaaaaaaa	/tickets/39	1	t	\N	\N	f	f	\N	\N	2025-12-13 22:11:43.59504+00	\N
58	1	1	39	Bilgi Raporu Talep Edildi	AKF-2025-12-7 numaralı sorun için bilgi raporu bekleniyor	/tickets/39	1	t	1	\N	t	f	\N	\N	2025-12-13 22:11:51.115507+00	2025-12-20 22:11:51.115508+00
59	1	1	38	Bilgi Raporu Talep Edildi	AKF-2025-12-6 numaralı sorun için bilgi raporu bekleniyor	/tickets/38	1	t	1	\N	t	f	\N	\N	2025-12-14 19:18:11.271172+00	2025-12-21 19:18:11.27121+00
\.


--
-- Data for Name: ProgressRequests; Type: TABLE DATA; Schema: public; Owner: postgres
--

COPY public."ProgressRequests" ("Id", ticket_id, requested_by_user_id, target_user_id, request_message, requested_at, due_date, is_responded, responded_at, responded_by_user_id, response_action_id, status, notification_id, progress_info, progress_percentage, estimated_completion) FROM stdin;
29	37	1	1	AKF-2025-12-5 numaralı sorun için bilgi raporu bekleniyor	2025-12-11 13:48:12.910896+00	2025-12-18 13:48:12.910927+00	t	2025-12-11 13:49:59.170597+00	1	\N	Responded	51	kapat	96	\N
14	30	1	1	AKF-2025-11-27 numaralı sorun için bilgi raporu bekleniyor	2025-12-10 23:05:03.878542+00	2025-12-17 23:05:03.878542+00	t	2025-12-12 22:26:37.812986+00	1	\N	Responded	32	CLosedasdasd	87	2025-12-11 16:52:00+00
30	37	1	1	AKF-2025-12-5 numaralı sorun için bilgi raporu bekleniyor	2025-12-11 13:50:48.94086+00	2025-12-18 13:50:48.940861+00	t	2025-12-13 19:58:25.842219+00	1	\N	Responded	52	TALEPPP	\N	\N
3	26	2	2	AKF-2025-11-23 numaralı sorun için ilerleme raporu bekleniyor	2025-11-25 00:16:05.44525+00	2025-12-02 00:16:05.44525+00	f	\N	\N	\N	Pending	14	a	\N	\N
4	26	2	2	AKF-2025-11-23 numaralı sorun için ilerleme raporu bekleniyor	2025-11-25 00:20:38.202824+00	2025-12-02 00:20:38.202824+00	f	\N	\N	\N	Pending	15	b	\N	\N
7	27	1	1	AKF-2025-11-24 numaralı sorun için ilerleme raporu bekleniyor	2025-11-25 12:24:41.033212+00	2025-12-02 12:24:41.033213+00	f	\N	\N	\N	Pending	19	c	\N	\N
8	27	1	1	AKF-2025-11-24 numaralı sorun için bilgi raporu bekleniyor	2025-11-26 00:07:21.720655+00	2025-12-03 00:07:21.720683+00	f	\N	\N	\N	Pending	20	d	\N	\N
5	4	2	1	AKF-2025-11-1 numaralı sorun için ilerleme raporu bekleniyor	2025-11-25 00:20:44.247817+00	2025-12-02 00:20:44.247817+00	t	2025-11-30 21:54:55.617988+00	1	\N	Responded	16	e	\N	\N
6	3	1	5	TKT-2024-003 numaralı sorun için ilerleme raporu bekleniyor	2025-11-25 12:24:20.887027+00	2025-12-02 12:24:20.887105+00	t	2025-12-01 08:58:16.969991+00	1	\N	Responded	18	f	\N	\N
20	33	1	1	AKF-2025-12-1 numaralı sorun için bilgi raporu bekleniyor	2025-12-11 12:23:26.582588+00	2025-12-18 12:23:26.582588+00	t	2025-12-13 21:46:46.748954+00	1	\N	Responded	39	 asd	38	2025-12-15 00:46:00+00
32	38	1	1	AKF-2025-12-6 numaralı sorun için bilgi raporu bekleniyor	2025-12-13 20:08:45.704749+00	2025-12-20 20:08:45.704796+00	t	2025-12-13 20:10:04.860321+00	1	\N	Responded	55	aaaaaaa	73	2025-12-13 23:09:00+00
10	3	1	5	TKT-2024-003 numaralı sorun için bilgi raporu bekleniyor	2025-12-01 12:06:42.279628+00	2025-12-08 12:06:42.279628+00	t	2025-12-01 12:15:59.000376+00	1	\N	Responded	27	\N	\N	\N
9	32	1	1	AKF-2025-11-29 numaralı sorun için bilgi raporu bekleniyor	2025-12-01 12:03:37.748388+00	2025-12-08 12:03:37.74842+00	t	2025-12-01 12:30:02.189294+00	1	\N	Responded	26	DENEME	\N	\N
21	33	1	1	AKF-2025-12-1 numaralı sorun için bilgi raporu bekleniyor	2025-12-11 12:24:44.583446+00	2025-12-18 12:24:44.583446+00	t	2025-12-13 21:46:35.583689+00	1	\N	Responded	40	a	\N	\N
19	33	1	1	AKF-2025-12-1 numaralı sorun için bilgi raporu bekleniyor	2025-12-11 12:23:15.828356+00	2025-12-18 12:23:15.828387+00	t	2025-12-13 21:46:59.190648+00	1	\N	Responded	38	asdasdad	34	\N
25	34	1	1	AKF-2025-12-2 numaralı sorun için bilgi raporu bekleniyor	2025-12-11 12:28:40.8453+00	2025-12-18 12:28:40.8453+00	t	2025-12-13 22:19:14.61268+00	1	\N	Responded	44	a	67	2025-12-08 01:19:00+00
11	3	1	5	TKT-2024-003 numaralı sorun için bilgi raporu bekleniyor	2025-12-01 12:31:09.937129+00	2025-12-08 12:31:09.937155+00	t	2025-12-02 06:49:02.586863+00	1	\N	Responded	28	kapitalabilir 100 yuz 	100	2025-01-01 08:45:00+00
33	38	1	1	AKF-2025-12-6 numaralı sorun için bilgi raporu bekleniyor	2025-12-13 21:46:01.280489+00	2025-12-20 21:46:01.280489+00	t	2025-12-14 19:03:39.134395+00	2	\N	Responded	56	a	24	2025-12-20 22:03:00+00
26	34	1	1	AKF-2025-12-2 numaralı sorun için bilgi raporu bekleniyor	2025-12-11 12:33:02.68067+00	2025-12-18 12:33:02.680696+00	t	2025-12-14 19:16:08.096854+00	1	\N	Responded	45	1	40	2025-11-30 01:18:00+00
15	30	1	1	AKF-2025-11-27 numaralı sorun için bilgi raporu bekleniyor	2025-12-10 23:05:48.288575+00	2025-12-17 23:05:48.288575+00	t	2025-12-11 12:04:04.125939+00	1	\N	Responded	33	TamamLandi	24	2025-12-11 15:03:00+00
24	34	1	1	AKF-2025-12-2 numaralı sorun için bilgi raporu bekleniyor	2025-12-11 12:26:38.197914+00	2025-12-18 12:26:38.197914+00	t	2025-12-14 19:16:10.545907+00	1	\N	Responded	43	1	41	\N
22	34	1	1	AKF-2025-12-2 numaralı sorun için bilgi raporu bekleniyor	2025-12-11 12:25:28.602097+00	2025-12-18 12:25:28.602097+00	t	2025-12-14 19:16:14.611149+00	1	\N	Responded	41	2	\N	\N
23	34	1	1	AKF-2025-12-2 numaralı sorun için bilgi raporu bekleniyor	2025-12-11 12:26:14.59701+00	2025-12-18 12:26:14.59701+00	t	2025-12-14 19:16:12.720741+00	1	\N	Responded	42	2	\N	\N
18	34	1	1	AKF-2025-12-2 numaralı sorun için bilgi raporu bekleniyor	2025-12-11 11:27:49.194318+00	2025-12-18 11:27:49.194318+00	t	2025-12-14 19:16:16.785195+00	1	\N	Responded	37	2	\N	\N
17	34	1	1	AKF-2025-12-2 numaralı sorun için bilgi raporu bekleniyor	2025-12-11 11:15:03.736327+00	2025-12-18 11:15:03.736327+00	t	2025-12-14 19:16:18.841247+00	1	\N	Responded	36	3	\N	\N
16	34	1	1	AKF-2025-12-2 numaralı sorun için bilgi raporu bekleniyor	2025-12-11 11:14:48.735799+00	2025-12-18 11:14:48.7358+00	t	2025-12-14 19:16:21.187829+00	1	\N	Responded	35	3	\N	\N
31	4	1	1	AKF-2025-11-1 numaralı sorun için bilgi raporu bekleniyor	2025-12-13 10:38:26.832734+00	2025-12-20 10:38:26.832764+00	t	2025-12-14 19:17:21.20096+00	1	\N	Responded	53	aaa	100	2025-12-14 23:17:00+00
28	36	1	1	AKF-2025-12-4 numaralı sorun için bilgi raporu bekleniyor	2025-12-11 13:21:27.997643+00	2025-12-18 13:21:27.997643+00	t	2025-12-14 19:17:43.986859+00	1	\N	Responded	49	assd	63	\N
12	30	1	1	AKF-2025-11-27 numaralı sorun için bilgi raporu bekleniyor	2025-12-02 06:00:32.200301+00	2025-12-09 06:00:32.200329+00	t	2025-12-14 19:17:57.804525+00	1	\N	Responded	29	aaa	56	2025-12-25 09:03:00+00
35	38	1	1	AKF-2025-12-6 numaralı sorun için bilgi raporu bekleniyor	2025-12-14 19:18:11.265958+00	2025-12-21 19:18:11.265983+00	f	\N	\N	\N	Pending	59	\N	\N	\N
13	2	1	5	TKT-2024-002 numaralı sorun için bilgi raporu bekleniyor	2025-12-10 23:04:30.038877+00	2025-12-17 23:04:30.038904+00	t	2025-12-11 13:14:56.647359+00	1	\N	Responded	31	sonlandir	26	2025-11-30 14:12:00+00
27	2	1	5	TKT-2024-002 numaralı sorun için bilgi raporu bekleniyor	2025-12-11 13:15:22.752149+00	2025-12-18 13:15:22.752175+00	t	2025-12-11 13:15:51.954825+00	1	\N	Responded	46	aaa	27	\N
34	39	1	1	AKF-2025-12-7 numaralı sorun için bilgi raporu bekleniyor	2025-12-13 22:11:51.11074+00	2025-12-20 22:11:51.11074+00	t	2025-12-14 09:09:45.923797+00	1	\N	Responded	58	Kapat	89	2025-12-05 03:12:00+00
\.


--
-- Data for Name: Subsystems; Type: TABLE DATA; Schema: public; Owner: postgres
--

COPY public."Subsystems" ("Id", "Name", "SystemId") FROM stdin;
1	Payload	1
2	MGS	2
3	CMS	1
4	Genel	1
5	Platform	1
6	SAS	1
7	SASS	1
8	SUSS	1
9	USS	1
\.


--
-- Data for Name: Systems; Type: TABLE DATA; Schema: public; Owner: postgres
--

COPY public."Systems" ("Id", "Name") FROM stdin;
1	GGS
2	MGS
3	MTZ
\.


--
-- Data for Name: TicketActions; Type: TABLE DATA; Schema: public; Owner: postgres
--

COPY public."TicketActions" ("Id", "TicketId", "ActionType", "FromStatus", "ToStatus", "Notes", "PerformedById", "PerformedAt") FROM stdin;
1	1	Create	\N	OPEN	\N	1	2025-11-20 07:05:39.597135+00
2	2	Create	\N	OPEN	\N	5	2025-11-20 07:05:39.597551+00
3	3	Create	\N	OPEN	\N	5	2025-11-20 07:05:39.597551+00
4	1	Edit	\N	\N	Ticket updated	1	2025-11-20 09:21:50.483922+00
5	1	Edit	\N	\N	Ticket updated	1	2025-11-20 09:22:35.705251+00
6	1	Edit	\N	\N	Ticket deleted (soft delete)	1	2025-11-20 09:25:59.352862+00
7	3	Edit	\N	\N	Ticket updated	1	2025-11-20 11:32:12.675539+00
8	4	Create	\N	OPEN	Ticket created	1	2025-11-20 11:43:31.486662+00
9	4	Edit	\N	\N	Ticket updated	1	2025-11-20 19:35:17.618358+00
10	4	Edit	\N	\N	Ticket updated	1	2025-11-20 19:35:33.860917+00
11	4	Edit	\N	\N	Ticket updated	1	2025-11-20 19:41:26.420589+00
12	4	Edit	\N	\N	Ticket updated	1	2025-11-20 19:41:37.413716+00
13	4	Edit	\N	\N	Ticket updated	1	2025-11-20 19:41:46.881145+00
14	4	Edit	\N	\N	Ticket updated	1	2025-11-20 19:42:47.923977+00
15	4	Edit	\N	\N	Ticket updated	1	2025-11-20 19:44:42.610483+00
16	4	Edit	\N	\N	Ticket updated	1	2025-11-20 19:45:21.463638+00
17	5	Create	\N	OPEN	Ticket created	1	2025-11-20 20:22:24.683948+00
18	5	Edit	\N	\N	Ticket updated	1	2025-11-20 21:46:15.248042+00
19	5	Edit	\N	\N	Ticket updated	1	2025-11-20 21:46:26.282539+00
20	5	Edit	\N	\N	Ticket updated	1	2025-11-20 21:46:53.004719+00
21	6	Create	\N	OPEN	Ticket created	1	2025-11-20 21:47:03.567595+00
22	5	StatusChange	OPEN	PAUSED	Status changed from OPEN to PAUSED	1	2025-11-20 22:19:25.881561+00
23	5	Edit	\N	\N	Ticket updated	1	2025-11-20 22:19:25.898847+00
24	5	StatusChange	PAUSED	REOPENED	Status changed from PAUSED to REOPENED	1	2025-11-20 22:19:35.385508+00
25	5	Edit	\N	\N	Ticket updated	1	2025-11-20 22:19:35.385649+00
26	5	StatusChange	REOPENED	CLOSED	Status changed from REOPENED to CLOSED	1	2025-11-20 22:19:48.785039+00
27	5	Edit	\N	\N	Ticket updated	1	2025-11-20 22:19:48.785154+00
28	6	StatusChange	OPEN	PAUSED	Status changed from OPEN to PAUSED	1	2025-11-20 22:51:19.308896+00
29	6	Edit	\N	\N	Ticket updated	1	2025-11-20 22:51:19.331421+00
30	6	StatusChange	PAUSED	CLOSED	Status changed from PAUSED to CLOSED	1	2025-11-20 22:51:26.142933+00
31	6	Edit	\N	\N	Ticket updated	1	2025-11-20 22:51:26.143113+00
32	7	Create	\N	OPEN	Ticket created	1	2025-11-20 23:03:07.321004+00
33	7	StatusChange	OPEN	PAUSED	Status changed from OPEN to PAUSED	1	2025-11-20 23:03:15.146248+00
34	7	Edit	\N	\N	Ticket updated	1	2025-11-20 23:03:15.148241+00
35	7	StatusChange	PAUSED	REOPENED	Status changed from PAUSED to REOPENED	1	2025-11-20 23:03:19.948152+00
36	7	Edit	\N	\N	Ticket updated	1	2025-11-20 23:03:19.948347+00
37	7	Edit	\N	\N	Ticket updated	1	2025-11-20 23:03:21.517046+00
38	6	StatusChange	CLOSED	REOPENED	Status changed from CLOSED to REOPENED	1	2025-11-20 23:35:07.558611+00
39	6	Edit	\N	\N	Ticket updated	1	2025-11-20 23:35:07.584041+00
40	6	StatusChange	REOPENED	PAUSED	Status changed from REOPENED to PAUSED	1	2025-11-20 23:35:11.086231+00
41	6	Edit	\N	\N	Ticket updated	1	2025-11-20 23:35:11.08646+00
42	6	StatusChange	PAUSED	REOPENED	Status changed from PAUSED to REOPENED	1	2025-11-20 23:35:14.464674+00
43	6	Edit	\N	\N	Ticket updated	1	2025-11-20 23:35:14.464866+00
44	7	StatusChange	REOPENED	PAUSED	Status changed from REOPENED to PAUSED	1	2025-11-20 23:36:48.769165+00
45	7	Edit	\N	\N	Ticket updated	1	2025-11-20 23:36:48.769282+00
46	7	StatusChange	PAUSED	REOPENED	Status changed from PAUSED to REOPENED	1	2025-11-20 23:36:52.234276+00
47	7	Edit	\N	\N	Ticket updated	1	2025-11-20 23:36:52.234413+00
48	7	StatusChange	REOPENED	PAUSED	Status changed from REOPENED to PAUSED	1	2025-11-21 00:29:14.220396+00
49	7	Edit	\N	\N	Ticket updated	1	2025-11-21 00:29:14.242963+00
50	7	StatusChange	PAUSED	REOPENED	Status changed from PAUSED to REOPENED	1	2025-11-21 00:29:19.05414+00
51	7	Edit	\N	\N	Ticket updated	1	2025-11-21 00:29:19.054255+00
52	7	StatusChange	REOPENED	PAUSED	Status changed from REOPENED to PAUSED	1	2025-11-21 00:29:22.517682+00
53	7	Edit	\N	\N	Ticket updated	1	2025-11-21 00:29:22.517851+00
54	7	Edit	\N	\N	Ticket updated	1	2025-11-22 09:09:37.148319+00
55	7	Edit	\N	\N	Ticket updated	1	2025-11-22 12:29:14.71786+00
56	7	Edit	\N	\N	Ticket updated	1	2025-11-23 00:34:55.756054+00
57	7	Edit	\N	\N	Ticket updated	1	2025-11-23 00:35:09.910251+00
58	7	Edit	\N	\N	Ticket updated	1	2025-11-23 00:40:16.717048+00
59	8	Create	\N	OPEN	Ticket created	2	2025-11-23 00:40:51.867171+00
60	9	Create	\N	OPEN	Ticket created	2	2025-11-23 00:41:25.747184+00
61	10	Create	\N	OPEN	Ticket created	2	2025-11-23 00:43:20.931981+00
62	11	Create	\N	OPEN	Ticket created	2	2025-11-23 00:51:24.548518+00
63	12	Create	\N	OPEN	Ticket created	2	2025-11-23 00:53:22.987785+00
64	13	Create	\N	OPEN	Ticket created	2	2025-11-23 01:01:29.705647+00
65	14	Create	\N	OPEN	Ticket created	2	2025-11-23 01:01:37.279481+00
66	15	Create	\N	OPEN	Ticket created	2	2025-11-23 14:27:51.915151+00
67	16	Create	\N	OPEN	Ticket created	2	2025-11-23 14:42:17.780843+00
68	17	Create	\N	OPEN	Ticket created	2	2025-11-23 14:42:23.654344+00
69	18	Create	\N	OPEN	Ticket created	2	2025-11-23 14:48:27.452247+00
70	19	Create	\N	OPEN	Ticket created	1	2025-11-23 15:05:14.268213+00
71	20	Create	\N	OPEN	Ticket created	1	2025-11-23 15:06:59.555668+00
72	21	Create	\N	OPEN	Ticket created	1	2025-11-23 15:08:42.361559+00
73	22	Create	\N	OPEN	Ticket created	1	2025-11-24 09:34:23.975082+00
74	23	Create	\N	OPEN	Ticket created	2	2025-11-24 23:27:03.998174+00
75	20	Edit	\N	\N	Ticket deleted (soft delete)	1	2025-11-24 23:36:34.118302+00
76	21	Edit	\N	\N	Ticket deleted (soft delete)	1	2025-11-24 23:36:34.123754+00
78	22	Edit	\N	\N	Ticket deleted (soft delete)	1	2025-11-24 23:36:34.123311+00
77	18	Edit	\N	\N	Ticket deleted (soft delete)	1	2025-11-24 23:36:34.117698+00
79	19	Edit	\N	\N	Ticket deleted (soft delete)	1	2025-11-24 23:36:34.117695+00
80	23	Edit	\N	\N	Ticket deleted (soft delete)	1	2025-11-24 23:36:34.123757+00
84	14	Edit	\N	\N	Ticket deleted (soft delete)	1	2025-11-24 23:36:34.169589+00
81	17	Edit	\N	\N	Ticket deleted (soft delete)	1	2025-11-24 23:36:34.170473+00
83	15	Edit	\N	\N	Ticket deleted (soft delete)	1	2025-11-24 23:36:34.169591+00
85	12	Edit	\N	\N	Ticket deleted (soft delete)	1	2025-11-24 23:36:34.171147+00
82	16	Edit	\N	\N	Ticket deleted (soft delete)	1	2025-11-24 23:36:34.169591+00
86	13	Edit	\N	\N	Ticket deleted (soft delete)	1	2025-11-24 23:36:34.170698+00
91	23	Edit	\N	\N	Ticket restored (undelete)	1	2025-11-24 23:38:43.956285+00
322	31	Edit	\N	\N	Ticket updated	1	2025-12-09 12:43:22.962263+00
324	30	Comment	\N	\N	Bilgi Talebi  Güncellendi: xyz - % 56 - Tahmini Tamamlanma: 12/25/2025 9:03:00 AM 	1	2025-12-10 13:37:59.791765+00
327	31	StatusChange	OPEN	CLOSED	Status changed to CLOSED from the Ticket Detail Page	1	2025-12-10 21:21:38.895915+00
336	31	Comment	\N	\N	Comment added	1	2025-12-10 21:37:35.46222+00
337	31	Comment	\N	\N	Comment added	1	2025-12-10 21:37:41.498251+00
338	31	StatusChange	CLOSED	OPEN	Sorun detay sayfasindan durum  OPEN olarak guncellendi	1	2025-12-10 21:37:53.146362+00
344	3	StatusChange	PAUSED	PAUSED	Sebep: aaaaaa	1	2025-12-10 21:47:58.137982+00
345	24	StatusChange	PAUSED	OPEN	asdasdasdasd	1	2025-12-10 21:48:07.281341+00
360	31	StatusChange	REOPENED	OPEN	Detay sayfasindan durum  OPEN olarak guncellendi	1	2025-12-10 22:17:28.352561+00
362	30	StatusChange	PAUSED	PAUSED	Sebep: 4	1	2025-12-10 22:17:45.479148+00
363	30	StatusChange	PAUSED	OPEN	a	1	2025-12-10 22:17:56.367789+00
366	3	StatusChange	PAUSED	PAUSED	Sebep: 1	1	2025-12-10 22:18:13.711207+00
368	2	StatusChange	PAUSED	PAUSED	Duraklama Sebebi: 1	1	2025-12-10 22:18:22.386749+00
371	24	StatusChange	PAUSED	PAUSED	Sebep: 4	1	2025-12-10 22:18:34.299756+00
372	33	Create	\N	OPEN	Ticket created	1	2025-12-10 22:19:02.68675+00
374	2	Comment	\N	\N	Bilgi Talebi  Güncellendi: XXXXXX - % 26 - Tahmini Tamamlanma: 11/30/2025 2:12:00 PM 	1	2025-12-11 11:12:35.114425+00
384	37	Comment	\N	\N	Bilgi Talebi  Güncellendi: bbbb - % 96 - Tahmini Tamamlanma:  	1	2025-12-11 13:48:39.145013+00
385	37	Comment	\N	\N	Bilgi Talebi Yanıtlandı: kapat	1	2025-12-11 13:49:59.170478+00
403	30	Comment	\N	\N	Bilgi Talebi Yanıtlandı: CLosedasdasd	1	2025-12-12 22:26:37.787833+00
413	33	Comment	\N	\N	Bilgi Talebi Yanıtlandı: a	1	2025-12-13 21:46:35.58349+00
415	33	Comment	\N	\N	Bilgi Talebi Yanıtlandı:  asd	1	2025-12-13 21:46:46.748842+00
417	33	Comment	\N	\N	Bilgi Talebi  Güncellendi: 23123 - % 34 - Tahmini Tamamlanma:  	1	2025-12-13 21:46:56.015285+00
425	39	Comment	\N	\N	Bilgi Talebi  Güncellendi: 1111111 - % 32 - Tahmini Tamamlanma: 12/5/2025 3:12:00 AM 	1	2025-12-13 22:27:09.564162+00
426	39	Comment	\N	\N	Bilgi Talebi  Güncellendi: 3333333 - % 32 - Tahmini Tamamlanma: 12/5/2025 3:12:00 AM 	1	2025-12-13 22:28:55.803925+00
427	39	Comment	\N	\N	Yeni bir islem eklendi	1	2025-12-13 22:29:27.593772+00
434	39	Comment	\N	\N	Bilgi Talebi  Güncellendi: 777777777777 - % 89 - Tahmini Tamamlanma: 12/5/2025 3:12:00 AM 	1	2025-12-14 08:58:47.498397+00
441	39	Edit	\N	\N	Ticket deleted (soft delete)	2	2025-12-14 09:57:08.262952+00
444	38	StatusChange	PAUSED	PAUSED	Duraklama Sebebi: Sebep Eklendi	1	2025-12-14 19:12:42.875224+00
87	11	Edit	\N	\N	Ticket deleted (soft delete)	1	2025-11-24 23:36:34.181409+00
323	31	Edit	\N	\N	Ticket updated	1	2025-12-09 12:44:38.872642+00
325	31	StatusChange	PAUSED	OPEN	Status changed to OPEN from the Ticket Detail Page	1	2025-12-10 14:04:17.42447+00
326	31	Comment	\N	\N	Comment added	1	2025-12-10 14:05:30.176627+00
328	30	StatusChange	REOPENED	CLOSED	Sorun detay sayfasindan durum  CLOSED olarak guncellendi	1	2025-12-10 21:24:32.791188+00
339	3	Comment	\N	\N	Comment added	1	2025-12-10 21:38:01.434091+00
346	24	StatusChange	PAUSED	PAUSED	Duraklama Sebebi: aaaa	1	2025-12-10 21:52:22.591951+00
347	24	StatusChange	PAUSED	PAUSED	Sebep: aaaa	1	2025-12-10 21:52:24.5535+00
348	24	StatusChange	PAUSED	OPEN	3333	1	2025-12-10 21:52:36.517785+00
349	3	StatusChange	PAUSED	OPEN	12222222222	1	2025-12-10 21:53:13.174508+00
350	3	StatusChange	PAUSED	PAUSED	Duraklama Sebebi: 111111111111111111	1	2025-12-10 21:53:51.487817+00
361	30	StatusChange	PAUSED	PAUSED	Duraklama Sebebi: 4	1	2025-12-10 22:17:44.043095+00
364	3	StatusChange	PAUSED	PAUSED	Duraklama Sebebi: 1	1	2025-12-10 22:18:06.881996+00
365	4	StatusChange	PAUSED	PAUSED	Duraklama Sebebi: 1	1	2025-12-10 22:18:13.191881+00
367	4	StatusChange	PAUSED	PAUSED	Sebep: 1	1	2025-12-10 22:18:14.797931+00
369	2	StatusChange	PAUSED	PAUSED	Sebep: 1	1	2025-12-10 22:18:23.717462+00
370	24	StatusChange	PAUSED	PAUSED	Duraklama Sebebi: 4	1	2025-12-10 22:18:33.208044+00
375	30	Comment	\N	\N	Bilgi Talebi  Güncellendi: aaa - % 24 - Tahmini Tamamlanma: 12/11/2025 3:03:00 PM 	1	2025-12-11 12:03:36.285711+00
376	30	Comment	\N	\N	Bilgi Talebi Yanıtlandı: TamamLandi	1	2025-12-11 12:04:04.125814+00
387	30	Edit	\N	\N	Sorun guncellendi	1	2025-12-11 16:16:52.722069+00
404	30	Comment	\N	\N	Bilgi Talebi  Güncellendi: xyz 1 - % 56 - Tahmini Tamamlanma: 12/25/2025 9:03:00 AM 	1	2025-12-12 23:18:27.623478+00
414	33	Comment	\N	\N	Bilgi Talebi  Güncellendi: a - % 38 - Tahmini Tamamlanma: 12/15/2025 12:46:00 AM 	1	2025-12-13 21:46:43.482713+00
416	33	Comment	\N	\N	Bilgi Talebi  Güncellendi: 1111 - % 15 - Tahmini Tamamlanma:  	1	2025-12-13 21:46:51.707969+00
418	33	Comment	\N	\N	Bilgi Talebi Yanıtlandı: asdasdad	1	2025-12-13 21:46:59.190438+00
428	39	Comment	\N	\N	Bilgi Talebi  Güncellendi: 4444444444 - % 32 - Tahmini Tamamlanma: 12/5/2025 3:12:00 AM 	1	2025-12-13 22:30:56.838116+00
435	39	Comment	\N	\N	Bilgi Talebi  Güncellendi: 8888888888888 - % 89 - Tahmini Tamamlanma: 12/5/2025 3:12:00 AM 	1	2025-12-14 08:59:37.775964+00
442	38	Comment	\N	\N	Bilgi Talebi  Güncellendi: aaaaa - % 24 - Tahmini Tamamlanma: 12/20/2025 10:03:00 PM 	2	2025-12-14 19:03:35.728463+00
443	38	Comment	\N	\N	Bilgi Talebi Yanıtlandı: a	2	2025-12-14 19:03:39.133633+00
445	38	StatusChange	PAUSED	PAUSED	Sebep: Sebep Eklendi	1	2025-12-14 19:12:44.155512+00
88	9	Edit	\N	\N	Ticket deleted (soft delete)	1	2025-11-24 23:36:34.184765+00
329	30	Comment	\N	\N	Comment added	1	2025-12-10 21:27:54.826161+00
331	30	Comment	\N	\N	Comment added	1	2025-12-10 21:30:32.365426+00
332	30	Comment	\N	\N	Comment added	1	2025-12-10 21:31:36.567689+00
340	3	StatusChange	PAUSED	OPEN	qwert	1	2025-12-10 21:38:19.477384+00
351	3	StatusChange	PAUSED	PAUSED	Sebep: 111111111111111111	1	2025-12-10 21:53:52.689649+00
352	3	StatusChange	PAUSED	OPEN	55555555555555555	1	2025-12-10 21:54:03.736738+00
373	34	Create	\N	OPEN	Ticket created	1	2025-12-11 08:43:49.428266+00
377	2	Comment	\N	\N	Bilgi Talebi Yanıtlandı: sonlandir	1	2025-12-11 13:14:56.625002+00
388	30	StatusChange	REOPENED	CANCELLED	Detay sayfasindan durum  CANCELLED olarak guncellendi	1	2025-12-11 17:07:26.693236+00
405	30	Comment	\N	\N	Bilgi Talebi  Güncellendi: xyz 2  - % 56 - Tahmini Tamamlanma: 12/25/2025 9:03:00 AM 	1	2025-12-12 23:18:33.319983+00
419	39	Create	\N	OPEN	Yeni bir ariza olusturuldu.	1	2025-12-13 22:11:43.590559+00
429	2	StatusChange	PAUSED	OPEN	wtf 3 	1	2025-12-13 22:45:57.499731+00
436	39	Comment	\N	\N	Bilgi Talebi  Güncellendi: Lorem ipsum dolor sit amet, consectetur adipiscing elit. Ut ut tellus nibh. Duis leo ex, tincidunt nec imperdiet vitae, scelerisque a dui. Nullam quam tellus, laoreet eget cursus vestibulum, ultricies et dui. Curabitur volutpat feugiat egestas. Cras et massa porta, egestas ante nec, elementum enim. Aliquam eleifend rutrum viverra. Quisque quis tristique elit, at lobortis lorem. Vivamus vulputate est quis lorem porta, sit amet lobortis libero porttitor. Ut tincidunt eleifend dolor eget fermentum. Praesent lobortis eleifend tortor fringilla fringilla.\n\nVestibulum sed finibus tellus. Aliquam fringilla purus ac sagittis iaculis. Praesent lacinia, odio id porta placerat, ligula elit venenatis nisi, id semper odio dui ut purus. Integer in velit velit. Cras congue vel ante vel ornare. Praesent feugiat maximus ullamcorper. Phasellus vulputate eleifend nibh, sit amet aliquam ante aliquam quis. Praesent scelerisque convallis nisi, eu blandit purus elementum eu. Donec volutpat vestibulum tortor non euismod. Vivamus posuere tristique enim non mattis. Mauris suscipit lobortis nulla, ac tincidunt neque ultrices non. Curabitur vel luctus augue, ut maximus erat. Curabitur sit amet ipsum id elit tristique bibendum vel eu mauris. Nulla sodales, ligula id viverra rutrum, mauris quam bibendum arcu, eu dapibus ante turpis ut nibh.\n\n - % 89 - Tahmini Tamamlanma: 12/5/2025 3:12:00 AM 	1	2025-12-14 09:01:41.024337+00
446	34	Comment	\N	\N	Bilgi Talebi Yanıtlandı: 1	1	2025-12-14 19:16:08.095173+00
448	34	Comment	\N	\N	Bilgi Talebi Yanıtlandı: 2	1	2025-12-14 19:16:12.720628+00
450	34	Comment	\N	\N	Bilgi Talebi Yanıtlandı: 2	1	2025-12-14 19:16:16.785037+00
452	34	Comment	\N	\N	Bilgi Talebi Yanıtlandı: 3	1	2025-12-14 19:16:21.187705+00
454	4	Comment	\N	\N	Bilgi Talebi  Güncellendi: asd - % 100 - Tahmini Tamamlanma: 12/14/2025 11:17:00 PM 	1	2025-12-14 19:17:11.279205+00
456	4	Comment	\N	\N	Bilgi Talebi Yanıtlandı: aaa	1	2025-12-14 19:17:21.200849+00
457	38	StatusChange	PAUSED	OPEN	asd	1	2025-12-14 19:17:31.377678+00
459	36	Comment	\N	\N	Bilgi Talebi Yanıtlandı: assd	1	2025-12-14 19:17:43.986553+00
89	10	Edit	\N	\N	Ticket deleted (soft delete)	1	2025-11-24 23:36:34.184764+00
330	31	Comment	\N	\N	Comment added	1	2025-12-10 21:28:18.414802+00
341	24	StatusChange	PAUSED	PAUSED	Duraklama Sebebi: aaaa	1	2025-12-10 21:47:33.347212+00
353	31	StatusChange	PAUSED	PAUSED	Duraklama Sebebi: aaaaaa	1	2025-12-10 22:11:23.558176+00
355	31	Comment	\N	\N	Yeni bir islem eklendi	1	2025-12-10 22:11:35.891307+00
356	31	StatusChange	PAUSED	OPEN	aaa	1	2025-12-10 22:12:10.374463+00
357	31	StatusChange	PAUSED	PAUSED	Duraklama Sebebi: aaaa	1	2025-12-10 22:13:04.205175+00
378	2	Comment	\N	\N	Bilgi Talebi  Güncellendi: asdasdasda - % 27 - Tahmini Tamamlanma:  	1	2025-12-11 13:15:48.195517+00
379	2	Comment	\N	\N	Bilgi Talebi Yanıtlandı: aaa	1	2025-12-11 13:15:51.954626+00
380	35	Create	\N	OPEN	Ticket created	1	2025-12-11 13:16:45.385961+00
406	37	Comment	\N	\N	Bilgi Talebi Yanıtlandı: TALEPPP	1	2025-12-13 19:58:25.812083+00
407	30	Comment	\N	\N	Bilgi Talebi  Güncellendi: xyz 2 3 - % 56 - Tahmini Tamamlanma: 12/25/2025 9:03:00 AM 	1	2025-12-13 19:59:12.618095+00
420	39	Comment	\N	\N	Bilgi Talebi  Güncellendi: a - % 32 - Tahmini Tamamlanma: 12/5/2025 3:12:00 AM 	1	2025-12-13 22:12:26.815384+00
430	24	StatusChange	PAUSED	OPEN	kapat	1	2025-12-13 22:51:35.524354+00
431	24	Comment	\N	\N	Yeni bir islem eklendi	1	2025-12-13 22:52:04.179595+00
437	39	Comment	\N	\N	Bilgi Talebi Yanıtlandı: Kapat	1	2025-12-14 09:09:45.909807+00
438	39	Comment	\N	\N	Yeni bir islem eklendi	1	2025-12-14 09:10:17.470111+00
447	34	Comment	\N	\N	Bilgi Talebi Yanıtlandı: 1	1	2025-12-14 19:16:10.545774+00
449	34	Comment	\N	\N	Bilgi Talebi Yanıtlandı: 2	1	2025-12-14 19:16:14.610996+00
451	34	Comment	\N	\N	Bilgi Talebi Yanıtlandı: 3	1	2025-12-14 19:16:18.841107+00
453	4	StatusChange	PAUSED	OPEN	2	1	2025-12-14 19:16:48.221517+00
455	4	Comment	\N	\N	Bilgi Talebi  Güncellendi: asd - % 100 - Tahmini Tamamlanma: 12/14/2025 11:17:00 PM 	1	2025-12-14 19:17:13.944143+00
458	36	Comment	\N	\N	Bilgi Talebi  Güncellendi: asdas - % 63 - Tahmini Tamamlanma:  	1	2025-12-14 19:17:41.894191+00
90	8	Edit	\N	\N	Ticket deleted (soft delete)	1	2025-11-24 23:36:34.185413+00
92	7	Edit	\N	\N	Ticket deleted (soft delete)	1	2025-11-24 23:39:13.660561+00
93	6	Edit	\N	\N	Ticket deleted (soft delete)	1	2025-11-24 23:39:13.660563+00
94	23	Edit	\N	\N	Ticket deleted (soft delete)	1	2025-11-24 23:39:20.884629+00
95	24	Create	\N	OPEN	Ticket created	1	2025-11-24 23:39:31.602719+00
96	25	Create	\N	OPEN	Ticket created	1	2025-11-24 23:56:06.641504+00
97	26	Create	\N	OPEN	Ticket created	2	2025-11-25 00:16:00.106051+00
98	26	Edit	\N	\N	Ticket updated	2	2025-11-25 00:16:25.814521+00
99	27	Create	\N	OPEN	Ticket created	1	2025-11-25 12:23:46.644793+00
100	28	Create	\N	OPEN	Ticket created	1	2025-11-27 19:38:39.43772+00
101	28	Comment	\N	\N	Comment added	1	2025-11-27 19:39:21.573751+00
102	28	Comment	\N	\N	Comment added	1	2025-11-27 19:39:28.884341+00
103	28	Edit	\N	\N	Ticket updated	1	2025-11-27 19:39:33.006734+00
104	3	Comment	\N	\N	Comment added	1	2025-11-27 19:52:14.698903+00
105	28	Comment	\N	\N	Comment added	1	2025-11-27 19:52:31.756009+00
106	28	Comment	\N	\N	Comment added	1	2025-11-27 20:29:14.539501+00
107	28	Comment	\N	\N	Comment added	1	2025-11-27 20:29:35.672244+00
108	28	Edit	\N	\N	Ticket updated	1	2025-11-27 20:34:05.538132+00
109	28	Edit	\N	\N	Ticket updated	1	2025-11-27 20:34:20.92509+00
110	28	Edit	\N	\N	Ticket updated	1	2025-11-27 20:52:40.926374+00
111	28	Edit	\N	\N	Ticket updated	1	2025-11-27 20:52:50.920041+00
112	28	Edit	\N	\N	Ticket updated	1	2025-11-27 20:52:56.797597+00
113	28	StatusChange	OPEN	CLOSED	Status changed from OPEN to CLOSED	1	2025-11-27 20:53:04.345163+00
114	28	Edit	\N	\N	Ticket updated	1	2025-11-27 20:53:04.345342+00
115	28	Edit	\N	\N	Ticket updated	1	2025-11-27 20:53:11.895476+00
116	28	Edit	\N	\N	Ticket updated	1	2025-11-27 20:53:17.221989+00
117	29	Create	\N	OPEN	Ticket created	1	2025-11-27 21:36:15.958981+00
118	29	StatusChange	OPEN	PAUSED	Status changed from OPEN to PAUSED	1	2025-11-27 22:21:03.008829+00
119	29	Edit	\N	\N	Ticket updated	1	2025-11-27 22:21:03.038082+00
120	5	Edit	\N	\N	Ticket deleted (soft delete)	1	2025-11-27 22:22:44.915068+00
121	29	Edit	\N	\N	Ticket deleted (soft delete)	1	2025-11-27 22:24:19.916936+00
122	28	StatusChange	PAUSED	PAUSED	Duraklama Sebebi: I dont know	1	2025-11-27 23:13:30.418534+00
123	27	StatusChange	OPEN	PAUSED	Status changed from OPEN to PAUSED	1	2025-11-28 06:23:55.083498+00
124	27	Edit	\N	\N	Ticket updated	1	2025-11-28 06:23:55.099469+00
125	26	StatusChange	OPEN	PAUSED	Status changed from OPEN to PAUSED	1	2025-11-28 06:24:56.226848+00
126	26	Edit	\N	\N	Ticket updated	1	2025-11-28 06:24:56.226984+00
127	25	StatusChange	PAUSED	PAUSED	Duraklama Sebebi: trial	1	2025-11-28 06:40:31.292758+00
128	28	StatusChange	PAUSED	CLOSED	Status changed from PAUSED to CLOSED	1	2025-11-28 06:41:07.395403+00
129	28	Edit	\N	\N	Ticket updated	1	2025-11-28 06:41:07.395525+00
130	28	StatusChange	CLOSED	PAUSED	Status changed from CLOSED to PAUSED	1	2025-11-28 06:41:40.422484+00
131	28	Edit	\N	\N	Ticket updated	1	2025-11-28 06:41:40.422651+00
132	28	StatusChange	PAUSED	CLOSED	Status changed from PAUSED to CLOSED	1	2025-11-28 06:42:46.489348+00
133	28	Edit	\N	\N	Ticket updated	1	2025-11-28 06:42:46.489536+00
134	28	StatusChange	PAUSED	PAUSED	Duraklama Sebebi: trial	1	2025-11-28 06:42:58.545508+00
135	26	Edit	\N	\N	Ticket deleted (soft delete)	1	2025-11-28 06:59:57.280216+00
136	25	Edit	\N	\N	Ticket deleted (soft delete)	1	2025-11-28 06:59:57.280216+00
137	27	Edit	\N	\N	Ticket deleted (soft delete)	1	2025-11-28 06:59:57.286054+00
138	28	Edit	\N	\N	Ticket deleted (soft delete)	1	2025-11-28 06:59:57.286054+00
139	24	StatusChange	OPEN	CLOSED	Status changed from OPEN to CLOSED	1	2025-11-28 07:01:09.176575+00
140	24	Edit	\N	\N	Ticket updated	1	2025-11-28 07:01:09.198908+00
141	24	StatusChange	CLOSED	CONFIRMED	Status changed from CLOSED to CONFIRMED	1	2025-11-28 07:02:21.006234+00
142	24	Edit	\N	\N	Ticket updated	1	2025-11-28 07:02:21.00643+00
143	24	StatusChange	CONFIRMED	CLOSED	Status changed from CONFIRMED to CLOSED	1	2025-11-28 07:12:57.191712+00
144	24	Edit	\N	\N	Ticket updated	1	2025-11-28 07:12:57.191967+00
145	24	StatusChange	CLOSED	CONFIRMED	Status changed from CLOSED to CONFIRMED	1	2025-11-28 07:23:26.731707+00
146	24	Edit	\N	\N	Ticket updated	1	2025-11-28 07:23:26.731855+00
147	4	StatusChange	OPEN	CANCELLED	Status changed from OPEN to CANCELLED	1	2025-11-28 07:26:02.799315+00
148	4	Edit	\N	\N	Ticket updated	1	2025-11-28 07:26:02.79955+00
149	4	StatusChange	CANCELLED	CLOSED	Status changed from CANCELLED to CLOSED	1	2025-11-28 07:26:13.38493+00
150	4	Edit	\N	\N	Ticket updated	1	2025-11-28 07:26:13.385072+00
151	24	StatusChange	CONFIRMED	REOPENED	Status changed from CONFIRMED to REOPENED	1	2025-11-28 07:26:44.692847+00
152	24	Edit	\N	\N	Ticket updated	1	2025-11-28 07:26:44.715091+00
153	3	StatusChange	PAUSED	PAUSED	Duraklama Sebebi: aaaa	1	2025-11-28 07:45:16.419256+00
154	3	Edit	\N	\N	Ticket updated	1	2025-11-28 07:45:18.430997+00
155	3	StatusChange	PAUSED	REOPENED	Status changed from PAUSED to REOPENED	1	2025-11-28 07:47:21.126516+00
156	3	Edit	\N	\N	Ticket updated	1	2025-11-28 07:47:21.126717+00
157	24	StatusChange	PAUSED	PAUSED	Duraklama Sebebi: Durdur iste	1	2025-11-28 10:46:14.94061+00
158	24	Edit	\N	\N	Ticket updated	1	2025-11-28 10:46:16.649969+00
159	24	StatusChange	PAUSED	OPEN		1	2025-11-28 12:30:40.492068+00
160	24	StatusChange	REOPENED	CONFIRMED	Status changed from REOPENED to CONFIRMED	1	2025-11-28 12:31:05.015098+00
161	24	Edit	\N	\N	Ticket updated	1	2025-11-28 12:31:05.016965+00
162	24	StatusChange	PAUSED	PAUSED	Duraklama Sebebi: durdur iste 2 	1	2025-11-28 12:31:13.326949+00
163	24	Edit	\N	\N	Ticket updated	1	2025-11-28 12:31:14.794141+00
164	24	StatusChange	PAUSED	CLOSED	Status changed from PAUSED to CLOSED	1	2025-11-28 12:31:49.131929+00
165	24	Edit	\N	\N	Ticket updated	1	2025-11-28 12:31:49.132072+00
166	24	StatusChange	PAUSED	PAUSED	Duraklama Sebebi: durdur iste 3 	1	2025-11-28 12:32:57.911252+00
167	24	Edit	\N	\N	Ticket updated	1	2025-11-28 12:32:59.378842+00
168	24	StatusChange	PAUSED	OPEN	Trial last \n	1	2025-11-28 12:38:08.307759+00
169	4	StatusChange	PAUSED	PAUSED	Duraklama Sebebi: after 1 	1	2025-11-28 13:30:22.267698+00
170	4	Edit	\N	\N	Ticket updated	1	2025-11-28 13:30:23.909563+00
171	4	StatusChange	PAUSED	REOPENED	Status changed from PAUSED to REOPENED	1	2025-11-28 13:31:14.811118+00
172	4	Edit	\N	\N	Ticket updated	1	2025-11-28 13:31:14.811302+00
173	24	StatusChange	PAUSED	PAUSED	Duraklama Sebebi: 21 durdur	1	2025-11-28 13:34:55.277372+00
174	24	Edit	\N	\N	Ticket updated	1	2025-11-28 13:34:56.270033+00
175	24	StatusChange	PAUSED	CLOSED	Status changed from PAUSED to CLOSED	1	2025-11-28 13:35:17.800159+00
176	24	Edit	\N	\N	Ticket updated	1	2025-11-28 13:35:17.800289+00
177	24	StatusChange	PAUSED	PAUSED	Duraklama Sebebi: a	1	2025-11-28 13:38:13.7744+00
178	24	Edit	\N	\N	Ticket updated	1	2025-11-28 13:38:14.77562+00
179	24	StatusChange	PAUSED	CLOSED	Status changed from PAUSED to CLOSED	1	2025-11-28 13:38:30.082739+00
180	24	Edit	\N	\N	Ticket updated	1	2025-11-28 13:38:30.082877+00
181	30	Create	\N	OPEN	Ticket created	1	2025-11-28 13:40:03.814+00
182	30	StatusChange	PAUSED	PAUSED	Duraklama Sebebi: a	1	2025-11-28 13:40:10.358182+00
183	30	Edit	\N	\N	Ticket updated	1	2025-11-28 13:40:11.036988+00
184	30	StatusChange	PAUSED	CLOSED	Status changed from PAUSED to CLOSED	1	2025-11-28 13:40:14.774446+00
185	30	Edit	\N	\N	Ticket updated	1	2025-11-28 13:40:14.774672+00
186	31	Create	\N	OPEN	Ticket created	1	2025-11-28 13:41:52.91275+00
187	31	StatusChange	PAUSED	PAUSED	Duraklama Sebebi: a	1	2025-11-28 13:42:08.299074+00
188	31	Edit	\N	\N	Ticket updated	1	2025-11-28 13:42:09.035644+00
189	31	StatusChange	PAUSED	REOPENED	Status changed from PAUSED to REOPENED	1	2025-11-28 13:42:19.833982+00
190	31	Edit	\N	\N	Ticket updated	1	2025-11-28 13:42:19.834108+00
191	31	StatusChange	PAUSED	PAUSED	Duraklama Sebebi: a	1	2025-11-28 13:53:36.328425+00
192	31	Edit	\N	\N	Ticket updated	1	2025-11-28 13:53:37.226714+00
193	31	StatusChange	PAUSED	CLOSED	Status changed from PAUSED to CLOSED	1	2025-11-28 13:53:39.932294+00
194	31	Edit	\N	\N	Ticket updated	1	2025-11-28 13:53:39.932567+00
195	32	Create	\N	OPEN	Ticket created	1	2025-11-28 15:40:26.047417+00
196	32	StatusChange	PAUSED	PAUSED	Duraklama Sebebi: a	1	2025-11-28 15:40:36.111645+00
197	32	Edit	\N	\N	Ticket updated	1	2025-11-28 15:40:37.736578+00
198	32	StatusChange	PAUSED	CLOSED	Status changed from PAUSED to CLOSED	1	2025-11-28 15:40:55.687354+00
199	32	Edit	\N	\N	Ticket updated	1	2025-11-28 15:40:55.687599+00
200	32	StatusChange	PAUSED	PAUSED	Duraklama Sebebi: a	1	2025-11-28 18:53:13.846976+00
201	32	Edit	\N	\N	Ticket updated	1	2025-11-28 18:53:15.053018+00
202	32	StatusChange	PAUSED	CLOSED	Status changed from PAUSED to CLOSED	1	2025-11-28 19:06:58.628917+00
203	32	Edit	\N	\N	Ticket updated	1	2025-11-28 19:06:58.629151+00
204	32	StatusChange	CLOSED	CONFIRMED	Status changed from CLOSED to CONFIRMED	1	2025-11-28 19:08:21.239017+00
205	32	Edit	\N	\N	Ticket updated	1	2025-11-28 19:08:21.273196+00
206	32	StatusChange	PAUSED	PAUSED	Duraklama Sebebi: a	1	2025-11-28 19:14:02.734321+00
207	32	Edit	\N	\N	Ticket updated	1	2025-11-28 19:14:03.616256+00
208	32	StatusChange	PAUSED	CLOSED	Status changed from PAUSED to CLOSED	1	2025-11-28 19:14:27.951952+00
209	32	Edit	\N	\N	Ticket updated	1	2025-11-28 19:14:27.952249+00
210	32	StatusChange	CLOSED	CONFIRMED	Status changed from CLOSED to CONFIRMED	1	2025-11-28 19:14:48.28192+00
211	32	Edit	\N	\N	Ticket updated	1	2025-11-28 19:14:48.282047+00
212	32	Edit	\N	\N	Ticket updated	1	2025-11-29 23:53:00.703503+00
213	32	Edit	\N	\N	Ticket updated	1	2025-11-29 23:53:04.770019+00
214	32	Edit	\N	\N	Ticket updated	1	2025-11-29 23:53:18.022521+00
215	31	Edit	\N	\N	Ticket updated	1	2025-11-29 23:54:20.007252+00
216	2	StatusChange	OPEN	PAUSED	Sebep: string_swagger	1	2025-11-30 12:57:45.351336+00
217	2	StatusChange	PAUSED	OPEN	aaa	1	2025-11-30 13:02:19.372862+00
218	2	StatusChange	PAUSED	PAUSED	Duraklama Sebebi: a	1	2025-11-30 13:02:46.877376+00
219	2	Edit	\N	\N	Ticket updated	1	2025-11-30 13:02:47.522047+00
220	2	StatusChange	PAUSED	CLOSED	string_swagger	1	2025-11-30 13:14:07.205373+00
221	2	StatusChange	CLOSED	OPEN	string_swagger	1	2025-11-30 13:27:30.932884+00
222	2	StatusChange	OPEN	OPEN	string_swagger	1	2025-11-30 13:28:54.273663+00
223	2	StatusChange	OPEN	PAUSED	Sebep: string_swagger	1	2025-11-30 13:29:14.536058+00
224	32	StatusChange	PAUSED	PAUSED	Duraklama Sebebi: a	1	2025-11-30 14:38:15.562059+00
225	32	StatusChange	PAUSED	CLOSED	Status changed to CLOSED from the Ticket Detail Page	1	2025-11-30 14:46:28.491569+00
226	2	StatusChange	PAUSED	CLOSED	Status changed to CLOSED from the Ticket Detail Page	1	2025-11-30 14:48:42.207611+00
227	2	StatusChange	CLOSED	CLOSED	Status changed to CLOSED from the Ticket Detail Page	1	2025-11-30 14:50:21.657476+00
228	2	StatusChange	CLOSED	CONFIRMED	Status changed to CONFIRMED from the Ticket Detail Page	1	2025-11-30 14:50:29.923613+00
229	2	StatusChange	CONFIRMED	CONFIRMED	Status changed to CONFIRMED from the Ticket Detail Page	1	2025-11-30 14:52:41.146821+00
230	2	StatusChange	CONFIRMED	CLOSED	Status changed to CLOSED from the Ticket Detail Page	1	2025-11-30 14:54:17.517127+00
231	2	StatusChange	PAUSED	PAUSED	Duraklama Sebebi: aaaa	1	2025-11-30 14:54:56.461904+00
232	2	StatusChange	PAUSED	CLOSED	Status changed to CLOSED from the Ticket Detail Page	1	2025-11-30 14:55:37.529532+00
233	2	StatusChange	PAUSED	PAUSED	Duraklama Sebebi: aaaa	1	2025-11-30 14:55:55.709628+00
234	4	StatusChange	PAUSED	PAUSED	Duraklama Sebebi: aaaa	1	2025-11-30 15:07:54.920478+00
235	2	StatusChange	PAUSED	CLOSED	Status changed to CLOSED from the Ticket Detail Page	1	2025-11-30 15:08:48.056706+00
236	2	StatusChange	PAUSED	PAUSED	Duraklama Sebebi: aaaa	1	2025-11-30 15:09:08.84209+00
237	2	StatusChange	PAUSED	CLOSED	Status changed to CLOSED from the Ticket Detail Page	1	2025-11-30 15:09:10.11942+00
238	2	StatusChange	PAUSED	PAUSED	Duraklama Sebebi: aaaaaa	1	2025-11-30 15:09:36.733148+00
239	2	StatusChange	PAUSED	REOPENED	Status changed to REOPENED from the Ticket Detail Page	1	2025-11-30 15:18:15.100707+00
240	2	StatusChange	REOPENED	REOPENED	Status changed to REOPENED from the Ticket Detail Page	1	2025-11-30 15:18:23.994137+00
241	2	StatusChange	REOPENED	CANCELLED	Status changed to CANCELLED from the Ticket Detail Page	1	2025-11-30 15:18:26.762627+00
242	2	StatusChange	CANCELLED	CANCELLED	Status changed to CANCELLED from the Ticket Detail Page	1	2025-11-30 15:18:29.189307+00
243	2	StatusChange	CANCELLED	REOPENED	Status changed to REOPENED from the Ticket Detail Page	1	2025-11-30 15:18:32.353074+00
244	2	StatusChange	PAUSED	PAUSED	Duraklama Sebebi: aaaaa	1	2025-11-30 15:18:36.171432+00
245	2	StatusChange	PAUSED	PAUSED	Sebep: aaaaa	1	2025-11-30 15:18:37.205692+00
246	2	StatusChange	PAUSED	CLOSED	Status changed to CLOSED from the Ticket Detail Page	1	2025-11-30 15:18:49.874937+00
248	2	StatusChange	PAUSED	PAUSED	Sebep: aaaaa	1	2025-11-30 15:19:02.623956+00
249	2	StatusChange	PAUSED	CLOSED	Status changed to CLOSED from the Ticket Detail Page	1	2025-11-30 15:19:27.913974+00
251	2	StatusChange	PAUSED	PAUSED	Sebep: xyz	1	2025-11-30 15:19:47.74842+00
333	31	Comment	\N	\N	Comment added	1	2025-12-10 21:33:55.626075+00
342	24	StatusChange	PAUSED	PAUSED	Sebep: aaaa	1	2025-12-10 21:47:36.273051+00
354	31	StatusChange	PAUSED	PAUSED	Sebep: aaaaaa	1	2025-12-10 22:11:26.164473+00
358	31	StatusChange	PAUSED	PAUSED	Sebep: aaaa	1	2025-12-10 22:13:05.340541+00
381	36	Create	\N	OPEN	Ticket created	1	2025-12-11 13:21:19.365875+00
408	38	Create	\N	OPEN	Yeni bir ariza olusturuldu.	1	2025-12-13 20:08:15.70779+00
410	38	Comment	\N	\N	Bilgi Talebi  Güncellendi: b - % 18 - Tahmini Tamamlanma: 12/13/2025 11:09:00 PM 	1	2025-12-13 20:09:51.653221+00
412	38	Comment	\N	\N	Bilgi Talebi Yanıtlandı: aaaaaaa	1	2025-12-13 20:10:04.860118+00
421	34	Comment	\N	\N	Bilgi Talebi  Güncellendi: 1111 - % 40 - Tahmini Tamamlanma: 11/30/2025 1:18:00 AM 	1	2025-12-13 22:18:39.473324+00
423	34	Comment	\N	\N	Bilgi Talebi Yanıtlandı: a	1	2025-12-13 22:19:14.612437+00
432	39	Comment	\N	\N	Bilgi Talebi  Güncellendi: 55555555555 - % 71 - Tahmini Tamamlanma: 12/5/2025 3:12:00 AM 	1	2025-12-14 08:43:03.159145+00
439	39	Comment	\N	\N	Yeni bir islem eklendi	2	2025-12-14 09:11:07.6006+00
460	30	Comment	\N	\N	Bilgi Talebi Yanıtlandı: aaa	1	2025-12-14 19:17:57.804345+00
247	2	StatusChange	PAUSED	PAUSED	Duraklama Sebebi: aaaaa	1	2025-11-30 15:19:01.791806+00
250	2	StatusChange	PAUSED	PAUSED	Duraklama Sebebi: xyz	1	2025-11-30 15:19:46.842165+00
252	2	StatusChange	PAUSED	OPEN	xyz from other panel \n	1	2025-11-30 15:20:07.439864+00
253	4	StatusChange	PAUSED	OPEN	general	1	2025-11-30 15:36:45.610544+00
254	32	StatusChange	PAUSED	OPEN	general	1	2025-11-30 15:36:50.235411+00
255	32	StatusChange	PAUSED	OPEN	general	1	2025-11-30 15:36:53.598455+00
256	32	StatusChange	PAUSED	OPEN	general	1	2025-11-30 15:36:57.75267+00
257	31	StatusChange	PAUSED	OPEN	general	1	2025-11-30 15:37:00.760375+00
258	31	StatusChange	PAUSED	OPEN	general	1	2025-11-30 15:37:04.006818+00
259	30	StatusChange	PAUSED	OPEN	general	1	2025-11-30 15:37:07.20335+00
260	24	StatusChange	PAUSED	OPEN	general	1	2025-11-30 15:37:10.20893+00
261	24	StatusChange	PAUSED	OPEN	general	1	2025-11-30 15:37:13.418929+00
262	4	StatusChange	PAUSED	OPEN	general	1	2025-11-30 15:37:16.661765+00
263	24	StatusChange	PAUSED	OPEN	general	1	2025-11-30 15:37:19.680429+00
264	3	StatusChange	PAUSED	OPEN	general	1	2025-11-30 15:37:22.915688+00
265	2	StatusChange	PAUSED	PAUSED	Duraklama Sebebi: after_general	1	2025-11-30 15:37:52.121736+00
266	2	StatusChange	PAUSED	PAUSED	Sebep: after_general	1	2025-11-30 15:37:53.331265+00
267	3	StatusChange	PAUSED	PAUSED	Duraklama Sebebi: after_cache_invalidation	1	2025-11-30 16:04:26.115077+00
268	3	StatusChange	PAUSED	PAUSED	Sebep: after_cache_invalidation	1	2025-11-30 16:04:28.099142+00
269	3	StatusChange	PAUSED	CANCELLED	Status changed to CANCELLED from the Ticket Detail Page	1	2025-11-30 16:05:05.060338+00
270	3	StatusChange	PAUSED	PAUSED	Duraklama Sebebi: aaa	1	2025-11-30 16:07:19.60669+00
271	3	StatusChange	PAUSED	PAUSED	Sebep: aaa	1	2025-11-30 16:07:20.713113+00
272	4	StatusChange	PAUSED	PAUSED	Duraklama Sebebi: 4	1	2025-11-30 16:07:40.214265+00
273	4	StatusChange	PAUSED	PAUSED	Sebep: 4	1	2025-11-30 16:07:40.856886+00
274	4	StatusChange	PAUSED	OPEN	Sorun Cozuldu	1	2025-11-30 16:09:40.108436+00
275	2	StatusChange	PAUSED	OPEN	son denemem\n	1	2025-11-30 19:52:36.43012+00
276	2	StatusChange	REOPENED	CLOSED	Status changed to CLOSED from the Ticket Detail Page	1	2025-11-30 19:56:45.825552+00
277	3	StatusChange	PAUSED	CLOSED	Status changed to CLOSED from the Ticket Detail Page	1	2025-11-30 19:57:08.87367+00
278	2	StatusChange	PAUSED	PAUSED	Duraklama Sebebi: aaaa	1	2025-11-30 20:13:34.487024+00
279	2	StatusChange	PAUSED	PAUSED	Sebep: aaaa	1	2025-11-30 20:13:35.376393+00
280	2	StatusChange	PAUSED	OPEN	xxxxx	1	2025-11-30 20:13:49.987883+00
281	4	Comment	\N	\N	İlerleme Talebi Yanıtlandı: asdasd	1	2025-11-30 21:54:55.59068+00
282	32	StatusChange	PAUSED	PAUSED	Duraklama Sebebi: durdur	1	2025-12-01 08:52:55.628432+00
283	32	StatusChange	PAUSED	PAUSED	Sebep: durdur	1	2025-12-01 08:52:57.020935+00
284	3	Comment	\N	\N	İlerleme Talebi Yanıtlandı: Giderildi	1	2025-12-01 08:58:16.969106+00
285	3	Comment	\N	\N	İlerleme Talebi Yanıtlandı: j	1	2025-12-01 12:15:59.000216+00
286	32	Comment	\N	\N	İlerleme Talebi Yanıtlandı: DENEME	1	2025-12-01 12:30:02.163573+00
287	3	Comment	\N	\N	İlerleme Güncellendi: İlerleme Bilgisi *	1	2025-12-01 12:34:18.929247+00
288	3	Comment	\N	\N	İlerleme Güncellendi: İlerleme Bilgisi *	1	2025-12-01 12:39:21.944103+00
289	3	Comment	\N	\N	İlerleme Güncellendi: İlerleme Bilgisi *	1	2025-12-01 12:40:57.714496+00
290	3	Comment	\N	\N	İlerleme Güncellendi: asdasdasd 	1	2025-12-01 12:56:58.96793+00
291	3	Comment	\N	\N	İlerleme Güncellendi: asdasdasd 	1	2025-12-01 13:02:36.476826+00
292	3	Comment	\N	\N	İlerleme Güncellendi: asdasdasd  - % 67	1	2025-12-01 13:11:34.452485+00
293	3	Comment	\N	\N	İlerleme Güncellendi: asdasdasd  - % 76	1	2025-12-01 13:23:52.593007+00
294	3	Comment	\N	\N	İlerleme Güncellendi: asdasdasd  - % 76	1	2025-12-01 13:29:07.315259+00
295	3	Comment	\N	\N	İlerleme Güncellendi: asdasdasd  - % 59	1	2025-12-01 13:31:23.843388+00
296	3	Comment	\N	\N	İlerleme Güncellendi: asdasdasd  - % 62	1	2025-12-01 17:21:05.073189+00
297	3	Comment	\N	\N	İlerleme Güncellendi: asdasdasd  - % 81	1	2025-12-02 05:32:21.947413+00
298	3	Comment	\N	\N	İlerleme Güncellendi: asdasdasd  - % 81	1	2025-12-02 05:32:30.512418+00
299	3	Comment	\N	\N	İlerleme Güncellendi: asdasdasd  - % 81	1	2025-12-02 05:35:25.230433+00
300	3	Comment	\N	\N	İlerleme Güncellendi: asdasdasd  - % 81	1	2025-12-02 05:38:22.237074+00
301	3	Comment	\N	\N	İlerleme Güncellendi: asdasdasd  - % 81 - Tahmini Tamamlanma: 1/1/2025 8:45:00 AM 	1	2025-12-02 05:46:01.500003+00
302	30	Comment	\N	\N	İlerleme Güncellendi: what have we done  - % 16 - Tahmini Tamamlanma: 12/9/2025 9:03:00 AM 	1	2025-12-02 06:04:09.93822+00
303	3	Comment	\N	\N	İlerleme Güncellendi: asdasdasd  - % 81 - Tahmini Tamamlanma:  	1	2025-12-02 06:20:01.051827+00
304	3	Comment	\N	\N	İlerleme Güncellendi: yuzde 100  - % 100 - Tahmini Tamamlanma: 1/1/2025 8:45:00 AM 	1	2025-12-02 06:48:43.40168+00
305	3	Comment	\N	\N	İlerleme Talebi Yanıtlandı: kapitalabilir 100 yuz 	1	2025-12-02 06:49:02.585508+00
306	31	StatusChange	PAUSED	PAUSED	Duraklama Sebebi: AAAA	1	2025-12-03 05:45:58.223776+00
307	31	StatusChange	PAUSED	PAUSED	Sebep: AAAA	1	2025-12-03 05:45:59.855525+00
308	3	StatusChange	PAUSED	PAUSED	Duraklama Sebebi: a	1	2025-12-03 05:46:25.591168+00
309	3	StatusChange	PAUSED	PAUSED	Sebep: a	1	2025-12-03 05:46:26.437193+00
310	32	Comment	\N	\N	Comment added	1	2025-12-03 06:16:50.537412+00
311	30	Comment	\N	\N	Bilgi Talebi  Güncellendi: what have we done  - % 38 - Tahmini Tamamlanma: 12/17/2025 9:03:00 AM 	1	2025-12-03 17:05:34.957979+00
312	2	StatusChange	PAUSED	PAUSED	Duraklama Sebebi: What 	1	2025-12-03 18:56:29.830634+00
313	2	StatusChange	PAUSED	PAUSED	Sebep: What 	1	2025-12-03 18:56:31.171201+00
314	2	StatusChange	PAUSED	OPEN	a	1	2025-12-03 18:56:43.670616+00
315	30	Comment	\N	\N	Bilgi Talebi  Güncellendi: xyz - % 98 - Tahmini Tamamlanma: 12/23/2025 9:03:00 AM 	1	2025-12-03 18:57:36.453031+00
316	30	Comment	\N	\N	Bilgi Talebi  Güncellendi: xyz - % 47 - Tahmini Tamamlanma: 12/23/2025 9:03:00 AM 	1	2025-12-04 20:39:57.563542+00
317	32	Edit	\N	\N	Ticket deleted (soft delete)	1	2025-12-04 22:23:31.268462+00
318	3	StatusChange	PAUSED	OPEN	a	1	2025-12-05 11:48:06.510268+00
319	30	Comment	\N	\N	Bilgi Talebi  Güncellendi: xyz - % 100 - Tahmini Tamamlanma: 12/25/2025 9:03:00 AM 	1	2025-12-05 11:48:22.146249+00
334	31	Comment	\N	\N	Comment added	1	2025-12-10 21:35:40.005297+00
320	3	StatusChange	PAUSED	PAUSED	Duraklama Sebebi: asdasdasd	1	2025-12-05 11:49:29.783134+00
321	3	StatusChange	PAUSED	PAUSED	Sebep: asdasdasd	1	2025-12-05 11:49:31.602792+00
335	31	Comment	\N	\N	Comment added	1	2025-12-10 21:37:16.070675+00
343	3	StatusChange	PAUSED	PAUSED	Duraklama Sebebi: aaaaaa	1	2025-12-10 21:47:56.308522+00
359	31	StatusChange	PAUSED	OPEN		1	2025-12-10 22:13:47.027542+00
382	37	Create	\N	OPEN	Yeni bir ariza olusturuldu.	1	2025-12-11 13:47:44.851014+00
383	37	Comment	\N	\N	Bilgi Talebi  Güncellendi: aaaa - % 28 - Tahmini Tamamlanma:  	1	2025-12-11 13:48:33.380014+00
386	30	Comment	\N	\N	Bilgi Talebi  Güncellendi: What we have done  - % 62 - Tahmini Tamamlanma: 12/11/2025 4:52:00 PM 	1	2025-12-11 13:52:29.024442+00
399	30	Comment	\N	\N	Bilgi Talebi  Güncellendi: What we have done 2 - % 62 - Tahmini Tamamlanma: 12/11/2025 4:52:00 PM 	1	2025-12-12 21:20:47.335192+00
400	30	Comment	\N	\N	Bilgi Talebi  Güncellendi: What we have done 2 - % 79 - Tahmini Tamamlanma: 12/11/2025 4:52:00 PM 	1	2025-12-12 21:21:17.975135+00
401	30	Comment	\N	\N	Bilgi Talebi  Güncellendi: What we have done 3 - % 79 - Tahmini Tamamlanma: 12/11/2025 4:52:00 PM 	1	2025-12-12 21:21:22.551706+00
402	30	Comment	\N	\N	Bilgi Talebi  Güncellendi: What we have done 3 - % 87 - Tahmini Tamamlanma: 12/11/2025 4:52:00 PM 	1	2025-12-12 21:21:25.441901+00
409	38	Comment	\N	\N	Bilgi Talebi  Güncellendi: a - % 18 - Tahmini Tamamlanma: 12/13/2025 11:09:00 PM 	1	2025-12-13 20:09:37.889276+00
411	38	Comment	\N	\N	Bilgi Talebi  Güncellendi: cccc  - % 73 - Tahmini Tamamlanma: 12/13/2025 11:09:00 PM 	1	2025-12-13 20:09:58.989172+00
422	34	Comment	\N	\N	Bilgi Talebi  Güncellendi: 111 - % 67 - Tahmini Tamamlanma: 12/8/2025 1:19:00 AM 	1	2025-12-13 22:19:11.543865+00
424	34	Comment	\N	\N	Bilgi Talebi  Güncellendi: wtf 1  - % 41 - Tahmini Tamamlanma:  	1	2025-12-13 22:21:50.37134+00
433	39	Comment	\N	\N	Bilgi Talebi  Güncellendi: 6666666666 - % 84 - Tahmini Tamamlanma: 12/5/2025 3:12:00 AM 	1	2025-12-14 08:56:49.041479+00
440	3	StatusChange	PAUSED	OPEN	a	2	2025-12-14 09:46:12.74277+00
461	38	Comment	\N	\N	Yeni bir islem eklendi	1	2025-12-15 08:33:55.081032+00
\.


--
-- Data for Name: TicketComments; Type: TABLE DATA; Schema: public; Owner: postgres
--

COPY public."TicketComments" ("Id", "TicketId", "Body", "CreatedById", "CreatedAt") FROM stdin;
1	28	kasmdkamsdkasd	1	2025-11-27 19:39:21.568547+00
2	28	aaa	1	2025-11-27 19:39:28.884165+00
3	3	aaaa	1	2025-11-27 19:52:14.698791+00
4	28	bbb	1	2025-11-27 19:52:31.755814+00
5	28	aaaa	1	2025-11-27 20:29:14.539259+00
6	28	aaa	1	2025-11-27 20:29:35.672111+00
7	3	İlerleme Güncellendi: asdasdasd  - % 67	1	2025-12-01 13:11:34.452363+00
8	3	İlerleme Güncellendi: asdasdasd  - % 76	1	2025-12-01 13:23:52.593006+00
9	3	İlerleme Güncellendi: asdasdasd  - % 76	1	2025-12-01 13:29:07.315135+00
10	3	İlerleme Güncellendi: asdasdasd  - % 59	1	2025-12-01 13:31:23.843387+00
11	3	İlerleme Güncellendi: asdasdasd  - % 62	1	2025-12-01 17:21:05.073053+00
12	3	İlerleme Güncellendi: asdasdasd  - % 81	1	2025-12-02 05:32:21.947271+00
13	3	İlerleme Güncellendi: asdasdasd  - % 81	1	2025-12-02 05:32:30.512415+00
14	3	İlerleme Güncellendi: asdasdasd  - % 81	1	2025-12-02 05:35:25.230432+00
15	3	İlerleme Güncellendi: asdasdasd  - % 81	1	2025-12-02 05:38:22.237072+00
16	3	İlerleme Güncellendi: asdasdasd  - % 81 - Tahmini Tamamlanma: 1/1/2025 8:45:00 AM 	1	2025-12-02 05:46:01.49988+00
17	30	İlerleme Güncellendi: what have we done  - % 16 - Tahmini Tamamlanma: 12/9/2025 9:03:00 AM 	1	2025-12-02 06:04:09.938196+00
18	3	İlerleme Güncellendi: asdasdasd  - % 81 - Tahmini Tamamlanma:  	1	2025-12-02 06:20:01.051826+00
19	3	İlerleme Güncellendi: yuzde 100  - % 100 - Tahmini Tamamlanma: 1/1/2025 8:45:00 AM 	1	2025-12-02 06:48:43.401556+00
20	32	aasdasdasd	1	2025-12-03 06:16:50.533404+00
21	30	Bilgi Talebi  Güncellendi: what have we done  - % 38 - Tahmini Tamamlanma: 12/17/2025 9:03:00 AM 	1	2025-12-03 17:05:34.957608+00
22	30	Bilgi Talebi  Güncellendi: xyz - % 98 - Tahmini Tamamlanma: 12/23/2025 9:03:00 AM 	1	2025-12-03 18:57:36.45303+00
23	30	Bilgi Talebi  Güncellendi: xyz - % 47 - Tahmini Tamamlanma: 12/23/2025 9:03:00 AM 	1	2025-12-04 20:39:57.563082+00
24	30	Bilgi Talebi  Güncellendi: xyz - % 100 - Tahmini Tamamlanma: 12/25/2025 9:03:00 AM 	1	2025-12-05 11:48:22.146225+00
25	30	Bilgi Talebi  Güncellendi: xyz - % 56 - Tahmini Tamamlanma: 12/25/2025 9:03:00 AM 	1	2025-12-10 13:37:59.791587+00
26	31	Hic bir sey yapilmasina gerek kalmadi\n	1	2025-12-10 14:05:30.176506+00
27	30	AFter the cash invalidation 	1	2025-12-10 21:27:54.798513+00
28	31	aaaa	1	2025-12-10 21:28:18.414301+00
29	30	aaaa	1	2025-12-10 21:30:32.365312+00
30	30	aaa	1	2025-12-10 21:31:36.567591+00
31	31	bbbbb	1	2025-12-10 21:33:55.600751+00
32	31	ccccc	1	2025-12-10 21:35:39.977697+00
33	31	ddddd	1	2025-12-10 21:37:16.041508+00
34	31	eeeeee	1	2025-12-10 21:37:35.43455+00
35	31	fffff	1	2025-12-10 21:37:41.497099+00
36	3	aaaaa	1	2025-12-10 21:38:01.433989+00
37	31	ggggg	1	2025-12-10 22:11:35.889597+00
38	2	Bilgi Talebi  Güncellendi: XXXXXX - % 26 - Tahmini Tamamlanma: 11/30/2025 2:12:00 PM 	1	2025-12-11 11:12:35.114378+00
39	30	Bilgi Talebi  Güncellendi: aaa - % 24 - Tahmini Tamamlanma: 12/11/2025 3:03:00 PM 	1	2025-12-11 12:03:36.28571+00
40	2	Bilgi Talebi  Güncellendi: asdasdasda - % 27 - Tahmini Tamamlanma:  	1	2025-12-11 13:15:48.195494+00
41	37	Bilgi Talebi  Güncellendi: aaaa - % 28 - Tahmini Tamamlanma:  	1	2025-12-11 13:48:33.379974+00
42	37	Bilgi Talebi  Güncellendi: bbbb - % 96 - Tahmini Tamamlanma:  	1	2025-12-11 13:48:39.145011+00
43	30	Bilgi Talebi  Güncellendi: What we have done  - % 62 - Tahmini Tamamlanma: 12/11/2025 4:52:00 PM 	1	2025-12-11 13:52:29.024437+00
54	30	Bilgi Talebi  Güncellendi: What we have done 2 - % 62 - Tahmini Tamamlanma: 12/11/2025 4:52:00 PM 	1	2025-12-12 21:20:47.334995+00
55	30	Bilgi Talebi  Güncellendi: What we have done 2 - % 79 - Tahmini Tamamlanma: 12/11/2025 4:52:00 PM 	1	2025-12-12 21:21:17.975134+00
56	30	Bilgi Talebi  Güncellendi: What we have done 3 - % 79 - Tahmini Tamamlanma: 12/11/2025 4:52:00 PM 	1	2025-12-12 21:21:22.551705+00
57	30	Bilgi Talebi  Güncellendi: What we have done 3 - % 87 - Tahmini Tamamlanma: 12/11/2025 4:52:00 PM 	1	2025-12-12 21:21:25.4419+00
58	30	Bilgi Talebi  Güncellendi: xyz 1 - % 56 - Tahmini Tamamlanma: 12/25/2025 9:03:00 AM 	1	2025-12-12 23:18:27.623353+00
59	30	Bilgi Talebi  Güncellendi: xyz 2  - % 56 - Tahmini Tamamlanma: 12/25/2025 9:03:00 AM 	1	2025-12-12 23:18:33.319982+00
60	30	Bilgi Talebi  Güncellendi: xyz 2 3 - % 56 - Tahmini Tamamlanma: 12/25/2025 9:03:00 AM 	1	2025-12-13 19:59:12.618071+00
61	38	Bilgi Talebi  Güncellendi: a - % 18 - Tahmini Tamamlanma: 12/13/2025 11:09:00 PM 	1	2025-12-13 20:09:37.889111+00
62	38	Bilgi Talebi  Güncellendi: b - % 18 - Tahmini Tamamlanma: 12/13/2025 11:09:00 PM 	1	2025-12-13 20:09:51.65322+00
63	38	Bilgi Talebi  Güncellendi: cccc  - % 73 - Tahmini Tamamlanma: 12/13/2025 11:09:00 PM 	1	2025-12-13 20:09:58.989156+00
64	33	Bilgi Talebi  Güncellendi: a - % 38 - Tahmini Tamamlanma: 12/15/2025 12:46:00 AM 	1	2025-12-13 21:46:43.482712+00
65	33	Bilgi Talebi  Güncellendi: 1111 - % 15 - Tahmini Tamamlanma:  	1	2025-12-13 21:46:51.707967+00
66	33	Bilgi Talebi  Güncellendi: 23123 - % 34 - Tahmini Tamamlanma:  	1	2025-12-13 21:46:56.015283+00
67	39	Bilgi Talebi  Güncellendi: a - % 32 - Tahmini Tamamlanma: 12/5/2025 3:12:00 AM 	1	2025-12-13 22:12:26.815383+00
68	34	Bilgi Talebi  Güncellendi: 1111 - % 40 - Tahmini Tamamlanma: 11/30/2025 1:18:00 AM 	1	2025-12-13 22:18:39.473131+00
69	34	Bilgi Talebi  Güncellendi: 111 - % 67 - Tahmini Tamamlanma: 12/8/2025 1:19:00 AM 	1	2025-12-13 22:19:11.543864+00
70	34	Bilgi Talebi  Güncellendi: wtf 1  - % 41 - Tahmini Tamamlanma:  	1	2025-12-13 22:21:50.371339+00
71	39	Bilgi Talebi  Güncellendi: 1111111 - % 32 - Tahmini Tamamlanma: 12/5/2025 3:12:00 AM 	1	2025-12-13 22:27:09.563984+00
72	39	Bilgi Talebi  Güncellendi: 3333333 - % 32 - Tahmini Tamamlanma: 12/5/2025 3:12:00 AM 	1	2025-12-13 22:28:55.803923+00
73	39	aaaaa	1	2025-12-13 22:29:27.593676+00
74	39	Bilgi Talebi  Güncellendi: 4444444444 - % 32 - Tahmini Tamamlanma: 12/5/2025 3:12:00 AM 	1	2025-12-13 22:30:56.838115+00
75	24	EKLE	1	2025-12-13 22:52:04.172841+00
76	39	Bilgi Talebi  Güncellendi: 55555555555 - % 71 - Tahmini Tamamlanma: 12/5/2025 3:12:00 AM 	1	2025-12-14 08:43:03.158963+00
77	39	Bilgi Talebi  Güncellendi: 6666666666 - % 84 - Tahmini Tamamlanma: 12/5/2025 3:12:00 AM 	1	2025-12-14 08:56:49.0413+00
78	39	Bilgi Talebi  Güncellendi: 777777777777 - % 89 - Tahmini Tamamlanma: 12/5/2025 3:12:00 AM 	1	2025-12-14 08:58:47.498217+00
79	39	Bilgi Talebi  Güncellendi: 8888888888888 - % 89 - Tahmini Tamamlanma: 12/5/2025 3:12:00 AM 	1	2025-12-14 08:59:37.775839+00
80	39	Bilgi Talebi  Güncellendi: Lorem ipsum dolor sit amet, consectetur adipiscing elit. Ut ut tellus nibh. Duis leo ex, tincidunt nec imperdiet vitae, scelerisque a dui. Nullam quam tellus, laoreet eget cursus vestibulum, ultricies et dui. Curabitur volutpat feugiat egestas. Cras et massa porta, egestas ante nec, elementum enim. Aliquam eleifend rutrum viverra. Quisque quis tristique elit, at lobortis lorem. Vivamus vulputate est quis lorem porta, sit amet lobortis libero porttitor. Ut tincidunt eleifend dolor eget fermentum. Praesent lobortis eleifend tortor fringilla fringilla.\n\nVestibulum sed finibus tellus. Aliquam fringilla purus ac sagittis iaculis. Praesent lacinia, odio id porta placerat, ligula elit venenatis nisi, id semper odio dui ut purus. Integer in velit velit. Cras congue vel ante vel ornare. Praesent feugiat maximus ullamcorper. Phasellus vulputate eleifend nibh, sit amet aliquam ante aliquam quis. Praesent scelerisque convallis nisi, eu blandit purus elementum eu. Donec volutpat vestibulum tortor non euismod. Vivamus posuere tristique enim non mattis. Mauris suscipit lobortis nulla, ac tincidunt neque ultrices non. Curabitur vel luctus augue, ut maximus erat. Curabitur sit amet ipsum id elit tristique bibendum vel eu mauris. Nulla sodales, ligula id viverra rutrum, mauris quam bibendum arcu, eu dapibus ante turpis ut nibh.\n\n - % 89 - Tahmini Tamamlanma: 12/5/2025 3:12:00 AM 	1	2025-12-14 09:01:41.024307+00
81	39	Bunu yaptım	1	2025-12-14 09:10:17.464402+00
82	39	aaaa	2	2025-12-14 09:11:07.600374+00
83	38	Bilgi Talebi  Güncellendi: aaaaa - % 24 - Tahmini Tamamlanma: 12/20/2025 10:03:00 PM 	2	2025-12-14 19:03:35.728318+00
84	4	Bilgi Talebi  Güncellendi: asd - % 100 - Tahmini Tamamlanma: 12/14/2025 11:17:00 PM 	1	2025-12-14 19:17:11.279204+00
85	4	Bilgi Talebi  Güncellendi: asd - % 100 - Tahmini Tamamlanma: 12/14/2025 11:17:00 PM 	1	2025-12-14 19:17:13.944142+00
86	36	Bilgi Talebi  Güncellendi: asdas - % 63 - Tahmini Tamamlanma:  	1	2025-12-14 19:17:41.89419+00
87	38	kakakaa	1	2025-12-15 08:33:55.080675+00
\.


--
-- Data for Name: UserPermissions; Type: TABLE DATA; Schema: public; Owner: postgres
--

COPY public."UserPermissions" ("Id", "UserId", "PermissionType", "CanView", "CanCreate", "CanEdit", "CanDelete", "GrantedAt", "GrantedById") FROM stdin;
\.


--
-- Data for Name: __EFMigrationsHistory; Type: TABLE DATA; Schema: public; Owner: postgres
--

COPY public."__EFMigrationsHistory" ("MigrationId", "ProductVersion") FROM stdin;
20251106083941_InitialSchema	8.0.0
20251109125431_ResponsePersonnelJoinFix	8.0.0
20251109135525_AddActivityControlFieldsToTicket	8.0.0
20251111130838_ResponsePersonnelJoinFix3	8.0.0
20251112055709_ttcoms_code	8.0.0
20251112131232_response_resolved_by	8.0.0
20251120070510_external_rm_ticket_code	8.0.0
20251120131525_external_add_configuration	8.0.0
20251120192216_external_add_new_items_columns	8.0.0
20251120204319_external_add_new_activity_status_columns	8.0.0
20251113112827_InitialSchema_pc_relocation	8.0.0
20251114051322_InitialSchema2	8.0.0
20251121114520_subcontractor_columns	8.0.0
20251123132157_notification	8.0.0
20251124235015_progress_request	8.0.0
20251125193731_position_to_user	8.0.0
20251127225620_ticket_pause	8.0.0
20251130210438_progress_request_info	8.0.0
20251130212933_progress_request_info	8.0.0
20251201125524_progress_request_percentage	8.0.0
20251201132811_progress_request_estimated_completion	8.0.0
20251207171547_refresh_token	8.0.0
20251207194225_timezone_and_time_format_selection	8.0.0
20251207210932_update_pdf_date_modality	8.0.0
20251207211552_add_excel_datetime_settings	8.0.0
20251212211848_progress_update	8.0.0
\.


--
-- Data for Name: configuration; Type: TABLE DATA; Schema: public; Owner: postgres
--

COPY public.configuration (id, expiration_date, pdfreport_date, is_active, created_date, updated_date, updated_by_id, excel_date_time_format, excel_timezone) FROM stdin;
1	2025-12-07 20:23:50.959+00	1997-12-07 20:23:00+00	t	2025-11-20 13:18:42.89526+00	2025-12-09 13:39:01.712666+00	1	yyyy-MM-dd HH:mm:ss	UTC
\.


--
-- Data for Name: progress_request_update; Type: TABLE DATA; Schema: public; Owner: postgres
--

COPY public.progress_request_update (id, progress_request_id, updated_by_user_id, progress_info, progress_percentage, estimated_completion, updated_at, notification_id) FROM stdin;
1	14	1	What we have done 2	62	2025-12-11 16:52:00+00	2025-12-12 21:20:47.291985+00	\N
2	14	1	What we have done 2	79	2025-12-11 16:52:00+00	2025-12-12 21:21:17.973928+00	\N
3	14	1	What we have done 3	79	2025-12-11 16:52:00+00	2025-12-12 21:21:22.551348+00	\N
4	14	1	What we have done 3	87	2025-12-11 16:52:00+00	2025-12-12 21:21:25.441598+00	\N
5	12	1	xyz 1	56	2025-12-25 09:03:00+00	2025-12-12 23:18:27.606208+00	\N
6	12	1	xyz 2 	56	2025-12-25 09:03:00+00	2025-12-12 23:18:33.318212+00	\N
7	12	1	xyz 2 3	56	2025-12-25 09:03:00+00	2025-12-13 19:59:12.610087+00	\N
8	32	1	a	18	2025-12-13 23:09:00+00	2025-12-13 20:09:37.878644+00	\N
9	32	1	b	18	2025-12-13 23:09:00+00	2025-12-13 20:09:51.652875+00	\N
10	32	1	cccc 	73	2025-12-13 23:09:00+00	2025-12-13 20:09:58.988949+00	\N
11	20	1	a	38	2025-12-15 00:46:00+00	2025-12-13 21:46:43.48094+00	\N
12	19	1	1111	15	\N	2025-12-13 21:46:51.707709+00	\N
13	19	1	23123	34	\N	2025-12-13 21:46:56.014887+00	\N
14	34	1	a	32	2025-12-05 03:12:00+00	2025-12-13 22:12:26.814791+00	\N
15	26	1	1111	40	2025-11-30 01:18:00+00	2025-12-13 22:18:39.44604+00	\N
16	25	1	111	67	2025-12-08 01:19:00+00	2025-12-13 22:19:11.542327+00	\N
17	24	1	wtf 1 	41	\N	2025-12-13 22:21:50.37107+00	\N
18	34	1	1111111	32	2025-12-05 03:12:00+00	2025-12-13 22:27:09.534653+00	\N
19	34	1	3333333	32	2025-12-05 03:12:00+00	2025-12-13 22:28:55.802375+00	\N
20	34	1	4444444444	32	2025-12-05 03:12:00+00	2025-12-13 22:30:56.837841+00	\N
21	34	1	55555555555	71	2025-12-05 03:12:00+00	2025-12-14 08:43:03.142235+00	\N
22	34	1	6666666666	84	2025-12-05 03:12:00+00	2025-12-14 08:56:49.013079+00	\N
23	34	1	777777777777	89	2025-12-05 03:12:00+00	2025-12-14 08:58:47.469344+00	\N
24	34	1	8888888888888	89	2025-12-05 03:12:00+00	2025-12-14 08:59:37.74492+00	\N
25	34	1	Lorem ipsum dolor sit amet, consectetur adipiscing elit. Ut ut tellus nibh. Duis leo ex, tincidunt nec imperdiet vitae, scelerisque a dui. Nullam quam tellus, laoreet eget cursus vestibulum, ultricies et dui. Curabitur volutpat feugiat egestas. Cras et massa porta, egestas ante nec, elementum enim. Aliquam eleifend rutrum viverra. Quisque quis tristique elit, at lobortis lorem. Vivamus vulputate est quis lorem porta, sit amet lobortis libero porttitor. Ut tincidunt eleifend dolor eget fermentum. Praesent lobortis eleifend tortor fringilla fringilla.\n\nVestibulum sed finibus tellus. Aliquam fringilla purus ac sagittis iaculis. Praesent lacinia, odio id porta placerat, ligula elit venenatis nisi, id semper odio dui ut purus. Integer in velit velit. Cras congue vel ante vel ornare. Praesent feugiat maximus ullamcorper. Phasellus vulputate eleifend nibh, sit amet aliquam ante aliquam quis. Praesent scelerisque convallis nisi, eu blandit purus elementum eu. Donec volutpat vestibulum tortor non euismod. Vivamus posuere tristique enim non mattis. Mauris suscipit lobortis nulla, ac tincidunt neque ultrices non. Curabitur vel luctus augue, ut maximus erat. Curabitur sit amet ipsum id elit tristique bibendum vel eu mauris. Nulla sodales, ligula id viverra rutrum, mauris quam bibendum arcu, eu dapibus ante turpis ut nibh.\n\n	89	2025-12-05 03:12:00+00	2025-12-14 09:01:41.022556+00	\N
26	33	2	aaaaa	24	2025-12-20 22:03:00+00	2025-12-14 19:03:35.713891+00	\N
27	31	1	asd	100	2025-12-14 23:17:00+00	2025-12-14 19:17:11.277947+00	\N
28	31	1	asd	100	2025-12-14 23:17:00+00	2025-12-14 19:17:13.94374+00	\N
29	28	1	asdas	63	\N	2025-12-14 19:17:41.894027+00	\N
\.


--
-- Data for Name: ticket; Type: TABLE DATA; Schema: public; Owner: postgres
--

COPY public.ticket (id, external_code, title, description, is_blocking, status, confirmation_status, technical_report_required, ci_id, component_id, subsystem_id, system_id, item_description, item_id, item_serial_no, created_at, updated_at, reaction_date, resolution_date, created_by_id, last_updated_by_id, is_active, is_deleted, detected_date, detected_contractor_notified_at, detected_notification_methods, detected_by_user_id, response_date, response_resolved_at, activity_control_commander_id, activity_control_date, activity_control_personnel_id, activity_control_result, response_actions, ttcoms_code, response_resolved_by_user_id, hp_no, new_item_description, new_item_id, new_item_serial_no, tentative_solution_date, activity_control_status, sub_contractor, sub_contractor_notified_at) FROM stdin;
36	AKF-2025-12-4	a	a	f	OPEN	\N	f	\N	\N	\N	\N				2025-12-11 13:21:19.365689+00	2025-12-11 13:21:19.365689+00	\N	\N	1	\N	t	f	\N	\N	\N	\N	\N	\N	\N	\N	\N				\N					\N	\N		\N
31	AKF-2025-11-28	y	a	f	OPEN	\N	f	\N	\N	\N	\N				2025-11-28 13:41:52.912459+00	2025-12-10 22:17:28.352324+00	\N	\N	1	1	t	f	2025-12-02 12:44:00+00	2025-12-01 12:44:00+00	{}	\N	2025-12-09 12:43:00+00	2025-12-09 12:43:00+00	\N	\N	\N		aaa		\N					\N	\N		\N
37	AKF-2025-12-5	a	a	f	OPEN	\N	f	\N	\N	\N	\N				2025-12-11 13:47:44.82373+00	2025-12-11 13:47:44.823763+00	\N	\N	1	\N	t	f	\N	\N	\N	\N	\N	\N	\N	\N	\N				\N					\N	\N		\N
1	T003198	Sample Ticket 1	This is a sample ticket.	f	OPEN	\N	f	1	1	1	1				2025-11-20 07:05:39.597135+00	2025-11-20 09:25:59.352837+00	\N	\N	1	1	f	t	\N	\N	{}	\N	\N	\N	\N	\N	\N				\N	\N	\N	\N	\N	\N	\N	\N	\N
38	AKF-2025-12-6	a	a	f	REOPENED	\N	f	\N	\N	\N	\N				2025-12-13 20:08:15.672832+00	2025-12-15 08:33:55.081129+00	\N	\N	1	1	t	f	\N	\N	\N	\N	\N	\N	\N	\N	\N				\N					\N	\N		\N
30	AKF-2025-11-27	a	b	f	CANCELLED	\N	f	\N	\N	\N	\N				2025-11-28 13:40:03.788764+00	2025-12-11 17:07:26.693171+00	\N	\N	1	1	t	f	\N	\N	{}	\N	\N	\N	\N	\N	\N				\N					\N	\N		\N
33	AKF-2025-12-1	a	a	f	OPEN	\N	f	\N	\N	\N	\N				2025-12-10 22:19:02.685551+00	2025-12-10 22:19:02.685575+00	\N	\N	1	\N	t	f	\N	\N	\N	\N	\N	\N	\N	\N	\N				\N					\N	\N		\N
21	AKF-2025-11-18	aaaaaaaa 222222		f	OPEN	\N	f	\N	\N	\N	\N				2025-11-23 15:08:42.269386+00	2025-11-24 23:36:34.123743+00	\N	\N	1	1	f	t	\N	\N	\N	\N	\N	\N	\N	\N	\N				\N					\N	\N		\N
34	AKF-2025-12-2	aaa	aa	f	OPEN	\N	f	\N	\N	\N	\N				2025-12-11 08:43:49.42482+00	2025-12-11 08:43:49.424883+00	\N	\N	1	\N	t	f	\N	\N	\N	\N	\N	\N	\N	\N	\N				\N					\N	\N		\N
20	AKF-2025-11-17	a1		f	OPEN	\N	f	\N	\N	\N	\N				2025-11-23 15:06:59.420652+00	2025-11-24 23:36:34.118295+00	\N	\N	1	1	f	t	\N	\N	\N	\N	\N	\N	\N	\N	\N				\N					\N	\N		\N
18	AKF-2025-11-15	a not	a	f	OPEN	\N	f	\N	\N	\N	\N				2025-11-23 14:48:27.367628+00	2025-11-24 23:36:34.117233+00	\N	\N	2	1	f	t	\N	\N	\N	\N	\N	\N	\N	\N	\N				\N					\N	\N		\N
19	AKF-2025-11-16	a1		f	OPEN	\N	f	\N	\N	\N	\N				2025-11-23 15:05:14.267389+00	2025-11-24 23:36:34.117235+00	\N	\N	1	1	f	t	\N	\N	\N	\N	\N	\N	\N	\N	\N				\N					\N	\N		\N
35	AKF-2025-12-3	aaa		f	OPEN	\N	f	\N	\N	\N	\N				2025-12-11 13:16:45.384673+00	2025-12-11 13:16:45.384697+00	\N	\N	1	\N	t	f	\N	\N	\N	\N	\N	\N	\N	\N	\N				\N					\N	\N		\N
2	TKT-2024-002	Network Connectivity Issue	Users in Building A cannot access the network	f	REOPENED	PENDING	f	\N	\N	\N	\N	\N	\N	\N	2025-11-20 07:05:39.597551+00	2025-12-13 22:45:57.499622+00	\N	\N	5	1	t	f	\N	\N	{}	\N	\N	\N	\N	\N	\N	\N	\N	\N	\N	\N	\N	\N	\N	\N	\N	\N	\N
22	AKF-2025-11-19	aasda	asdasdasd	f	OPEN	\N	f	\N	\N	\N	\N				2025-11-24 09:34:23.974235+00	2025-11-24 23:36:34.123291+00	\N	\N	1	1	f	t	\N	\N	\N	\N	\N	\N	\N	\N	\N				\N					\N	\N		\N
14	AKF-2025-11-11	b	b	f	OPEN	\N	f	\N	\N	\N	\N				2025-11-23 01:01:37.27874+00	2025-11-24 23:36:34.169559+00	\N	\N	2	1	f	t	\N	\N	\N	\N	\N	\N	\N	\N	\N				\N					\N	\N		\N
17	AKF-2025-11-14	y not	a	f	OPEN	\N	f	\N	\N	\N	\N				2025-11-23 14:42:23.652931+00	2025-11-24 23:36:34.170463+00	\N	\N	2	1	f	t	\N	\N	\N	\N	\N	\N	\N	\N	\N				\N					\N	\N		\N
32	AKF-2025-11-29	xxxxx	xxxxxx	f	PAUSED	\N	f	\N	\N	\N	\N				2025-11-28 15:40:25.911341+00	2025-12-04 22:23:31.267217+00	\N	\N	1	1	f	t	\N	\N	{}	\N	\N	\N	\N	\N	\N				\N					\N	\N		\N
15	AKF-2025-11-12	a	a	f	OPEN	\N	f	\N	\N	\N	\N				2025-11-23 14:27:51.834123+00	2025-11-24 23:36:34.169559+00	\N	\N	2	1	f	t	\N	\N	\N	\N	\N	\N	\N	\N	\N				\N					\N	\N		\N
16	AKF-2025-11-13	y not	a	f	OPEN	\N	f	\N	\N	\N	\N				2025-11-23 14:42:17.700189+00	2025-11-24 23:36:34.169559+00	\N	\N	2	1	f	t	\N	\N	\N	\N	\N	\N	\N	\N	\N				\N					\N	\N		\N
12	AKF-2025-11-9	asdasd	asdasd	f	OPEN	\N	f	\N	\N	\N	\N				2025-11-23 00:53:22.986985+00	2025-11-24 23:36:34.170461+00	\N	\N	2	1	f	t	\N	\N	\N	\N	\N	\N	\N	\N	\N				\N					\N	\N		\N
13	AKF-2025-11-10	a	a	f	OPEN	\N	f	\N	\N	\N	\N				2025-11-23 01:01:29.625862+00	2025-11-24 23:36:34.170458+00	\N	\N	2	1	f	t	\N	\N	\N	\N	\N	\N	\N	\N	\N				\N					\N	\N		\N
11	AKF-2025-11-8	a	a	f	OPEN	\N	f	\N	\N	\N	\N				2025-11-23 00:51:24.527137+00	2025-11-24 23:36:34.18139+00	\N	\N	2	1	f	t	\N	\N	\N	\N	\N	\N	\N	\N	\N				\N					\N	\N		\N
10	AKF-2025-11-7	a	a	f	OPEN	\N	f	\N	\N	\N	\N				2025-11-23 00:43:20.838277+00	2025-11-24 23:36:34.184751+00	\N	\N	2	1	f	t	\N	\N	\N	\N	\N	\N	\N	\N	\N				\N					\N	\N		\N
9	AKF-2025-11-6	a	b	f	OPEN	\N	f	\N	\N	\N	\N				2025-11-23 00:41:25.74695+00	2025-11-24 23:36:34.184751+00	\N	\N	2	1	f	t	\N	\N	\N	\N	\N	\N	\N	\N	\N				\N					\N	\N		\N
8	AKF-2025-11-5	a	a	f	OPEN	\N	f	\N	\N	\N	\N				2025-11-23 00:40:51.864468+00	2025-11-24 23:36:34.185406+00	\N	\N	2	1	f	t	\N	\N	\N	\N	\N	\N	\N	\N	\N				\N					\N	\N		\N
24	AKF-2025-11-21	a	a	f	REOPENED	\N	f	\N	\N	\N	\N				2025-11-24 23:39:31.600284+00	2025-12-13 22:52:04.180192+00	\N	\N	1	1	t	f	\N	\N	{}	\N	\N	\N	\N	\N	\N				\N					\N	\N		\N
3	TKT-2024-003	Server Hardware Failure	Production server showing hardware errors	t	REOPENED	\N	t	1	1	1	1				2025-11-20 07:05:39.597551+00	2025-12-14 09:46:12.74267+00	\N	\N	5	2	t	f	\N	\N	{}	\N	\N	\N	\N	\N	\N				\N	\N	\N	\N	\N	\N	\N	\N	\N
39	AKF-2025-12-7	aaaaaaaaaa		f	OPEN	\N	f	\N	\N	\N	\N				2025-12-13 22:11:43.590264+00	2025-12-14 09:57:08.262929+00	\N	\N	1	2	f	t	\N	\N	\N	\N	\N	\N	\N	\N	\N				\N					\N	\N		\N
4	AKF-2025-11-1	a	a	f	REOPENED	\N	t	\N	\N	\N	\N	old_1	old_2	old_3	2025-11-20 11:43:31.484315+00	2025-12-14 19:16:48.221515+00	\N	\N	1	1	t	f	\N	\N	{}	3	\N	\N	\N	\N	\N				\N	hp no	new_1	new_2	new_3	2025-11-04 19:42:00+00	\N	\N	\N
7	AKF-2025-11-4	a	a	f	PAUSED	\N	t	\N	\N	\N	\N				2025-11-20 23:03:07.297112+00	2025-11-24 23:39:13.660203+00	\N	\N	1	1	f	t	\N	\N	{}	1	\N	\N	\N	\N	\N				\N					\N	5	\N	\N
6	AKF-2025-11-3	a	a	f	REOPENED	\N	t	\N	\N	\N	\N				2025-11-20 21:47:03.565297+00	2025-11-24 23:39:13.660233+00	\N	\N	1	1	f	t	\N	\N	{}	\N	\N	\N	\N	\N	\N				\N					\N	0	\N	\N
23	AKF-2025-11-20	asdasd	asdasd	f	OPEN	\N	f	\N	\N	\N	\N				2025-11-24 23:27:03.987805+00	2025-11-24 23:39:20.884608+00	\N	\N	2	1	f	t	\N	\N	\N	\N	\N	\N	\N	\N	\N				\N					\N	\N		\N
5	AKF-2025-11-2	a	a	f	CLOSED	\N	f	\N	\N	\N	\N				2025-11-20 20:22:24.662883+00	2025-11-27 22:22:44.914755+00	\N	\N	1	1	f	t	\N	\N	{}	\N	\N	\N	\N	\N	\N				\N	\N	\N	\N	\N	\N	2	\N	\N
29	AKF-2025-11-26	a	a	f	PAUSED	\N	f	\N	\N	\N	\N				2025-11-27 21:36:15.935957+00	2025-11-27 22:24:19.916616+00	\N	\N	1	1	f	t	\N	\N	{}	\N	\N	\N	\N	\N	\N				\N					\N	\N		\N
26	AKF-2025-11-23	asdasd	asd	f	PAUSED	\N	f	\N	\N	\N	\N				2025-11-25 00:16:00.104574+00	2025-11-28 06:59:57.280206+00	\N	\N	2	1	f	t	\N	\N	{}	\N	\N	\N	\N	\N	\N				\N					\N	\N		\N
25	AKF-2025-11-22	a	a	f	PAUSED	\N	f	\N	\N	\N	\N				2025-11-24 23:56:06.55429+00	2025-11-28 06:59:57.280208+00	\N	\N	1	1	f	t	\N	\N	\N	\N	\N	\N	\N	\N	\N				\N					\N	\N		\N
27	AKF-2025-11-24	a yeni sorun	a	f	PAUSED	\N	f	\N	\N	\N	\N				2025-11-25 12:23:46.625239+00	2025-11-28 06:59:57.286042+00	\N	\N	1	1	f	t	\N	\N	{}	\N	\N	\N	\N	\N	\N				\N					\N	\N		\N
28	AKF-2025-11-25	a	a	f	PAUSED	\N	f	\N	\N	\N	\N				2025-11-27 19:38:39.361389+00	2025-11-28 06:59:57.286042+00	\N	\N	1	1	f	t	\N	\N	{}	\N	\N	\N	\N	\N	\N				\N					\N	\N		\N
\.


--
-- Data for Name: ticket_pause; Type: TABLE DATA; Schema: public; Owner: postgres
--

COPY public.ticket_pause (id, ticket_id, paused_by_user_id, paused_at, resumed_at, resumed_by_user_id, pause_reason, resume_notes, created_at) FROM stdin;
1	28	1	2025-11-27 23:13:30.385311+00	\N	\N	I dont know	\N	2025-11-27 23:13:30.385374+00
2	25	1	2025-11-28 06:40:31.292563+00	\N	\N	trial	\N	2025-11-28 06:40:31.292563+00
3	28	1	2025-11-28 06:42:58.545352+00	\N	\N	trial	\N	2025-11-28 06:42:58.545352+00
44	31	1	2025-12-10 22:13:04.204954+00	2025-12-10 22:13:47.027537+00	1	aaaa		2025-12-10 22:13:04.204955+00
45	30	1	2025-12-10 22:17:44.01925+00	2025-12-10 22:17:56.367607+00	1	4	a	2025-12-10 22:17:44.019319+00
48	2	1	2025-12-10 22:18:22.386532+00	2025-12-13 22:45:57.499459+00	1	1	wtf 3 	2025-12-10 22:18:22.386532+00
49	24	1	2025-12-10 22:18:33.207928+00	2025-12-13 22:51:35.523857+00	1	4	kapat	2025-12-10 22:18:33.207929+00
46	3	1	2025-12-10 22:18:06.881804+00	2025-12-14 09:46:12.742544+00	2	1	a	2025-12-10 22:18:06.881804+00
47	4	1	2025-12-10 22:18:13.191761+00	2025-12-14 19:16:48.221371+00	1	1	2	2025-12-10 22:18:13.191761+00
50	38	1	2025-12-14 19:12:42.872562+00	2025-12-14 19:17:31.377667+00	1	Sebep Eklendi	asd	2025-12-14 19:12:42.872616+00
31	3	1	2025-11-30 16:07:19.58177+00	2025-11-30 19:57:08.873667+00	1	aaa	\N	2025-11-30 16:07:19.581843+00
33	2	1	2025-11-30 20:13:34.483716+00	2025-11-30 20:13:49.98788+00	1	aaaa	xxxxx	2025-11-30 20:13:34.483773+00
34	32	1	2025-12-01 08:52:55.605745+00	\N	\N	durdur	\N	2025-12-01 08:52:55.605795+00
37	2	1	2025-12-03 18:56:29.819911+00	2025-12-03 18:56:43.670177+00	1	What 	a	2025-12-03 18:56:29.820045+00
36	3	1	2025-12-03 05:46:25.590755+00	2025-12-05 11:48:06.509968+00	1	a	a	2025-12-03 05:46:25.590755+00
35	31	1	2025-12-03 05:45:58.187304+00	2025-12-10 14:04:17.424235+00	1	AAAA	\N	2025-12-03 05:45:58.187443+00
38	3	1	2025-12-05 11:49:29.781163+00	2025-12-10 21:38:19.477281+00	1	asdasdasd	qwert	2025-12-05 11:49:29.781213+00
39	24	1	2025-12-10 21:47:33.344859+00	2025-12-10 21:48:07.281195+00	1	aaaa	asdasdasdasd	2025-12-10 21:47:33.344927+00
41	24	1	2025-12-10 21:52:22.569556+00	2025-12-10 21:52:36.51766+00	1	aaaa	3333	2025-12-10 21:52:22.569605+00
40	3	1	2025-12-10 21:47:56.278635+00	2025-12-10 21:53:13.174505+00	1	aaaaaa	12222222222	2025-12-10 21:47:56.278678+00
42	3	1	2025-12-10 21:53:51.487501+00	2025-12-10 21:54:03.736734+00	1	111111111111111111	55555555555555555	2025-12-10 21:53:51.487502+00
43	31	1	2025-12-10 22:11:23.532825+00	2025-12-10 22:12:10.374318+00	1	aaaaaa	aaa	2025-12-10 22:11:23.532877+00
\.


--
-- Data for Name: ticket_response_personnel; Type: TABLE DATA; Schema: public; Owner: postgres
--

COPY public.ticket_response_personnel (ticket_id, user_id) FROM stdin;
1	5
1	6
1	7
2	5
3	5
31	6
\.


--
-- Data for Name: ticket_response_resolved_personnel; Type: TABLE DATA; Schema: public; Owner: postgres
--

COPY public.ticket_response_resolved_personnel (ticket_id, user_id) FROM stdin;
1	8
3	4
7	1
31	6
\.


--
-- Data for Name: user; Type: TABLE DATA; Schema: public; Owner: postgres
--

COPY public."user" (id, email, password_hash, display_name, role, created_at, updated_at, is_active, phone_number, affiliation, department, military_rank_id, rank_code, preferred_language, created_by_id, last_updated_by_id, "position", "RefreshToken", "RefreshTokenExpiryTime") FROM stdin;
6	personnel2@example.com	AQAAAAIAAYagAAAAEBiDS481voEkXEQHSLBG/NLOFZcSs0huokZe61OTkE6S4xa84A2r/RxY4SpVJvKrTA==	Ayşe Demir	2	2025-11-20 07:05:39.180804+00	2025-11-20 07:05:39.180804+00	t	\N	\N	\N	\N	\N	tr-TR	1	\N	\N	\N	\N
7	personnel3@example.com	AQAAAAIAAYagAAAAELe3EUbZuoFYZJiNRMMOoQnPAsQLuA6nimjRQ8Z7mgPH+3IIAl6M664zdTYoT8p20w==	Mehmet Kaya	1	2025-11-20 07:05:39.241929+00	2025-11-20 07:05:39.241929+00	t	\N	\N	\N	\N	\N	tr-TR	1	\N	\N	\N	\N
9	kenan@example.com	AQAAAAIAAYagAAAAEEVsz9tA4CMSdkta7IJ3lpIVrPUd/GF36IsEi3AngPA0kv+/T4G5O5JDO7E50j8NSA==	kenan	1	2025-11-20 07:05:39.358614+00	2025-11-20 07:05:39.358614+00	t		9		7	\N	tr-TR	1	\N	\N	\N	\N
8	Ali@example.com	AQAAAAIAAYagAAAAEBQ6sLYMRAd/uhaCElXhfrWkhlgi1Q9Gd5TL7pbnAE7XNlnkwikKXAI5oL8Rc8hMJQ==	ali veli	0	2025-11-20 07:05:39.300663+00	2025-11-20 09:24:18.375832+00	t		9		1	\N	tr-TR	1	1	\N	\N	\N
4	kenan23@gmail.com	AQAAAAIAAYagAAAAEBfHyeIag7ZqChlfXRIZiUjbv5GCKsrZhRaqCXlThJmXU9nhen3P13J2yBF5WInF/A==	Kenan BOLAT	1	2025-11-20 07:05:39.060663+00	2025-11-20 11:43:00.275845+00	t	+90	9	IPS	\N	\N	tr-TR	1	1	\N	\N	\N
10	kenan24@gmail.com	AQAAAAIAAYagAAAAEIcdykpwaEtk2aSjNP9gI7i60rRV9Id2xIIx6Jv6gd3HkCdCOADVXxKcMrnhDhHfYA==	k b	1	2025-11-25 22:21:16.930601+00	2025-11-25 22:40:11.059147+00	t		1	a	1	\N	tr-TR	1	1	2	\N	\N
5	personnel1@example.com	AQAAAAIAAYagAAAAEAQWolj/N1/X4/Nt85qwPvPJ9kbdhb2b3xVVFzPq8yfabJ0rr6RfAYXsxipy983wKA==	Ali Veli	1	2025-11-20 07:05:39.120475+00	2025-11-20 13:19:47.899205+00	t	\N	\N	\N	\N	\N	tr-TR	1	1	\N	\N	\N
1	admin@example.com	AQAAAAIAAYagAAAAEGasRO1UA/hAWmQjVbiT3Pzcp7NtS/Moc4724mduttbTUiY2ZMTmVC22L6PvAV3lsQ==	Administrator	2	2025-11-20 07:05:38.883053+00	2025-12-03 05:41:45.804213+00	t	\N	1	\N	13	\N	tr-TR	\N	1	2	oK4QdvyJUMqMN5DOizmfSCFK8etzc0Aev2f+Kv6KlUahPzOakWHzb0f8c4vmYJIrZQuSRPbcZjJCOzsK0ECMyg==	2025-12-23 06:18:06.443604+00
11	kenan25@gmail.com	AQAAAAIAAYagAAAAEAbFgYoO6+kWHGQ39hFiHxPIXDRSD70o+L8USop7XTipWuWwb7IK9mcepeNXjF4yXw==	k b	0	2025-11-25 22:40:46.205568+00	2025-11-25 22:41:22.103864+00	t		0	a	\N	\N	tr-TR	1	1	3	\N	\N
3	viewer@example.com	AQAAAAIAAYagAAAAECRZKnJhgqUEpTSvqKlSVkfzqyJhhraE/rF11tVS+CxRCHojNwHuSRGl9v6yHStoJg==	Viewer User	0	2025-11-20 07:05:39.000109+00	2025-11-25 12:16:00.543027+00	t	\N	9	KJ	\N	\N	tr-TR	\N	3	\N	YXRatl5R2HSz8e4BAjvnV3OcZ0cLhFpf+s8ItA35UORA3lZCpqgmI+uedjfOEq+Oq9mabRrvGLHguJCmhdd8cA==	2025-12-21 09:06:11.24593+00
2	editor@example.com	AQAAAAIAAYagAAAAEPcDuo0GY7TBNhgPfx1BRAhbZHqZAi4VxzLX1Q7z2Om9jvw01XrWdg/mtS77A4ZSPg==	Editor User	1	2025-11-20 07:05:38.942416+00	2025-11-21 00:56:26.467631+00	t	\N	\N	\N	\N	\N	tr-TR	\N	1	\N	Q+kZzTMStH2ZDLlLOsFhJSZgKZvdt2YOZRvr3nnS06AYtjIAG/afTdf2O2uNiYPZ+avTVSYqLGXS4j4uvGgdww==	2025-12-21 17:54:20.585377+00
\.


--
-- Name: Attachments_Id_seq; Type: SEQUENCE SET; Schema: public; Owner: postgres
--

SELECT pg_catalog.setval('public."Attachments_Id_seq"', 1, false);


--
-- Name: CIJobs_Id_seq; Type: SEQUENCE SET; Schema: public; Owner: postgres
--

SELECT pg_catalog.setval('public."CIJobs_Id_seq"', 1, false);


--
-- Name: Components_Id_seq; Type: SEQUENCE SET; Schema: public; Owner: postgres
--

SELECT pg_catalog.setval('public."Components_Id_seq"', 3, true);


--
-- Name: ConfigurationItems_Id_seq; Type: SEQUENCE SET; Schema: public; Owner: postgres
--

SELECT pg_catalog.setval('public."ConfigurationItems_Id_seq"', 25, true);


--
-- Name: MilitaryRanks_Id_seq; Type: SEQUENCE SET; Schema: public; Owner: postgres
--

SELECT pg_catalog.setval('public."MilitaryRanks_Id_seq"', 18, true);


--
-- Name: NotificationActions_Id_seq; Type: SEQUENCE SET; Schema: public; Owner: postgres
--

SELECT pg_catalog.setval('public."NotificationActions_Id_seq"', 1, false);


--
-- Name: NotificationReads_Id_seq; Type: SEQUENCE SET; Schema: public; Owner: postgres
--

SELECT pg_catalog.setval('public."NotificationReads_Id_seq"', 24, true);


--
-- Name: Notifications_id_seq; Type: SEQUENCE SET; Schema: public; Owner: postgres
--

SELECT pg_catalog.setval('public."Notifications_id_seq"', 59, true);


--
-- Name: ProgressRequests_Id_seq; Type: SEQUENCE SET; Schema: public; Owner: postgres
--

SELECT pg_catalog.setval('public."ProgressRequests_Id_seq"', 35, true);


--
-- Name: Subsystems_Id_seq; Type: SEQUENCE SET; Schema: public; Owner: postgres
--

SELECT pg_catalog.setval('public."Subsystems_Id_seq"', 9, true);


--
-- Name: Systems_Id_seq; Type: SEQUENCE SET; Schema: public; Owner: postgres
--

SELECT pg_catalog.setval('public."Systems_Id_seq"', 3, true);


--
-- Name: TicketActions_Id_seq; Type: SEQUENCE SET; Schema: public; Owner: postgres
--

SELECT pg_catalog.setval('public."TicketActions_Id_seq"', 461, true);


--
-- Name: TicketComments_Id_seq; Type: SEQUENCE SET; Schema: public; Owner: postgres
--

SELECT pg_catalog.setval('public."TicketComments_Id_seq"', 87, true);


--
-- Name: UserPermissions_Id_seq; Type: SEQUENCE SET; Schema: public; Owner: postgres
--

SELECT pg_catalog.setval('public."UserPermissions_Id_seq"', 1, false);


--
-- Name: configuration_id_seq; Type: SEQUENCE SET; Schema: public; Owner: postgres
--

SELECT pg_catalog.setval('public.configuration_id_seq', 1, true);


--
-- Name: progress_request_update_id_seq; Type: SEQUENCE SET; Schema: public; Owner: postgres
--

SELECT pg_catalog.setval('public.progress_request_update_id_seq', 29, true);


--
-- Name: ticket_id_seq; Type: SEQUENCE SET; Schema: public; Owner: postgres
--

SELECT pg_catalog.setval('public.ticket_id_seq', 39, true);


--
-- Name: ticket_pause_id_seq; Type: SEQUENCE SET; Schema: public; Owner: postgres
--

SELECT pg_catalog.setval('public.ticket_pause_id_seq', 50, true);


--
-- Name: user_id_seq; Type: SEQUENCE SET; Schema: public; Owner: postgres
--

SELECT pg_catalog.setval('public.user_id_seq', 11, true);


--
-- Name: Attachments PK_Attachments; Type: CONSTRAINT; Schema: public; Owner: postgres
--

ALTER TABLE ONLY public."Attachments"
    ADD CONSTRAINT "PK_Attachments" PRIMARY KEY ("Id");


--
-- Name: CIJobs PK_CIJobs; Type: CONSTRAINT; Schema: public; Owner: postgres
--

ALTER TABLE ONLY public."CIJobs"
    ADD CONSTRAINT "PK_CIJobs" PRIMARY KEY ("Id");


--
-- Name: Components PK_Components; Type: CONSTRAINT; Schema: public; Owner: postgres
--

ALTER TABLE ONLY public."Components"
    ADD CONSTRAINT "PK_Components" PRIMARY KEY ("Id");


--
-- Name: ConfigurationItems PK_ConfigurationItems; Type: CONSTRAINT; Schema: public; Owner: postgres
--

ALTER TABLE ONLY public."ConfigurationItems"
    ADD CONSTRAINT "PK_ConfigurationItems" PRIMARY KEY ("Id");


--
-- Name: MilitaryRanks PK_MilitaryRanks; Type: CONSTRAINT; Schema: public; Owner: postgres
--

ALTER TABLE ONLY public."MilitaryRanks"
    ADD CONSTRAINT "PK_MilitaryRanks" PRIMARY KEY ("Id");


--
-- Name: NotificationActions PK_NotificationActions; Type: CONSTRAINT; Schema: public; Owner: postgres
--

ALTER TABLE ONLY public."NotificationActions"
    ADD CONSTRAINT "PK_NotificationActions" PRIMARY KEY ("Id");


--
-- Name: NotificationReads PK_NotificationReads; Type: CONSTRAINT; Schema: public; Owner: postgres
--

ALTER TABLE ONLY public."NotificationReads"
    ADD CONSTRAINT "PK_NotificationReads" PRIMARY KEY ("Id");


--
-- Name: Notifications PK_Notifications; Type: CONSTRAINT; Schema: public; Owner: postgres
--

ALTER TABLE ONLY public."Notifications"
    ADD CONSTRAINT "PK_Notifications" PRIMARY KEY (id);


--
-- Name: ProgressRequests PK_ProgressRequests; Type: CONSTRAINT; Schema: public; Owner: postgres
--

ALTER TABLE ONLY public."ProgressRequests"
    ADD CONSTRAINT "PK_ProgressRequests" PRIMARY KEY ("Id");


--
-- Name: Subsystems PK_Subsystems; Type: CONSTRAINT; Schema: public; Owner: postgres
--

ALTER TABLE ONLY public."Subsystems"
    ADD CONSTRAINT "PK_Subsystems" PRIMARY KEY ("Id");


--
-- Name: Systems PK_Systems; Type: CONSTRAINT; Schema: public; Owner: postgres
--

ALTER TABLE ONLY public."Systems"
    ADD CONSTRAINT "PK_Systems" PRIMARY KEY ("Id");


--
-- Name: TicketActions PK_TicketActions; Type: CONSTRAINT; Schema: public; Owner: postgres
--

ALTER TABLE ONLY public."TicketActions"
    ADD CONSTRAINT "PK_TicketActions" PRIMARY KEY ("Id");


--
-- Name: TicketComments PK_TicketComments; Type: CONSTRAINT; Schema: public; Owner: postgres
--

ALTER TABLE ONLY public."TicketComments"
    ADD CONSTRAINT "PK_TicketComments" PRIMARY KEY ("Id");


--
-- Name: UserPermissions PK_UserPermissions; Type: CONSTRAINT; Schema: public; Owner: postgres
--

ALTER TABLE ONLY public."UserPermissions"
    ADD CONSTRAINT "PK_UserPermissions" PRIMARY KEY ("Id");


--
-- Name: __EFMigrationsHistory PK___EFMigrationsHistory; Type: CONSTRAINT; Schema: public; Owner: postgres
--

ALTER TABLE ONLY public."__EFMigrationsHistory"
    ADD CONSTRAINT "PK___EFMigrationsHistory" PRIMARY KEY ("MigrationId");


--
-- Name: configuration PK_configuration; Type: CONSTRAINT; Schema: public; Owner: postgres
--

ALTER TABLE ONLY public.configuration
    ADD CONSTRAINT "PK_configuration" PRIMARY KEY (id);


--
-- Name: progress_request_update PK_progress_request_update; Type: CONSTRAINT; Schema: public; Owner: postgres
--

ALTER TABLE ONLY public.progress_request_update
    ADD CONSTRAINT "PK_progress_request_update" PRIMARY KEY (id);


--
-- Name: ticket PK_ticket; Type: CONSTRAINT; Schema: public; Owner: postgres
--

ALTER TABLE ONLY public.ticket
    ADD CONSTRAINT "PK_ticket" PRIMARY KEY (id);


--
-- Name: ticket_pause PK_ticket_pause; Type: CONSTRAINT; Schema: public; Owner: postgres
--

ALTER TABLE ONLY public.ticket_pause
    ADD CONSTRAINT "PK_ticket_pause" PRIMARY KEY (id);


--
-- Name: ticket_response_personnel PK_ticket_response_personnel; Type: CONSTRAINT; Schema: public; Owner: postgres
--

ALTER TABLE ONLY public.ticket_response_personnel
    ADD CONSTRAINT "PK_ticket_response_personnel" PRIMARY KEY (ticket_id, user_id);


--
-- Name: ticket_response_resolved_personnel PK_ticket_response_resolved_personnel; Type: CONSTRAINT; Schema: public; Owner: postgres
--

ALTER TABLE ONLY public.ticket_response_resolved_personnel
    ADD CONSTRAINT "PK_ticket_response_resolved_personnel" PRIMARY KEY (ticket_id, user_id);


--
-- Name: user PK_user; Type: CONSTRAINT; Schema: public; Owner: postgres
--

ALTER TABLE ONLY public."user"
    ADD CONSTRAINT "PK_user" PRIMARY KEY (id);


--
-- Name: IX_Attachments_TicketId; Type: INDEX; Schema: public; Owner: postgres
--

CREATE INDEX "IX_Attachments_TicketId" ON public."Attachments" USING btree ("TicketId");


--
-- Name: IX_Attachments_UploadedById; Type: INDEX; Schema: public; Owner: postgres
--

CREATE INDEX "IX_Attachments_UploadedById" ON public."Attachments" USING btree ("UploadedById");


--
-- Name: IX_CIJobs_TicketId; Type: INDEX; Schema: public; Owner: postgres
--

CREATE INDEX "IX_CIJobs_TicketId" ON public."CIJobs" USING btree ("TicketId");


--
-- Name: IX_Components_SubsystemId; Type: INDEX; Schema: public; Owner: postgres
--

CREATE INDEX "IX_Components_SubsystemId" ON public."Components" USING btree ("SubsystemId");


--
-- Name: IX_MilitaryRanks_Code; Type: INDEX; Schema: public; Owner: postgres
--

CREATE UNIQUE INDEX "IX_MilitaryRanks_Code" ON public."MilitaryRanks" USING btree ("Code");


--
-- Name: IX_NotificationActions_NotificationId; Type: INDEX; Schema: public; Owner: postgres
--

CREATE INDEX "IX_NotificationActions_NotificationId" ON public."NotificationActions" USING btree ("NotificationId");


--
-- Name: IX_NotificationActions_UserId; Type: INDEX; Schema: public; Owner: postgres
--

CREATE INDEX "IX_NotificationActions_UserId" ON public."NotificationActions" USING btree ("UserId");


--
-- Name: IX_NotificationReads_NotificationId_UserId; Type: INDEX; Schema: public; Owner: postgres
--

CREATE UNIQUE INDEX "IX_NotificationReads_NotificationId_UserId" ON public."NotificationReads" USING btree ("NotificationId", "UserId");


--
-- Name: IX_NotificationReads_UserId; Type: INDEX; Schema: public; Owner: postgres
--

CREATE INDEX "IX_NotificationReads_UserId" ON public."NotificationReads" USING btree ("UserId");


--
-- Name: IX_Notifications_created_at; Type: INDEX; Schema: public; Owner: postgres
--

CREATE INDEX "IX_Notifications_created_at" ON public."Notifications" USING btree (created_at);


--
-- Name: IX_Notifications_created_by_user_id; Type: INDEX; Schema: public; Owner: postgres
--

CREATE INDEX "IX_Notifications_created_by_user_id" ON public."Notifications" USING btree (created_by_user_id);


--
-- Name: IX_Notifications_notification_type_is_resolved; Type: INDEX; Schema: public; Owner: postgres
--

CREATE INDEX "IX_Notifications_notification_type_is_resolved" ON public."Notifications" USING btree (notification_type, is_resolved);


--
-- Name: IX_Notifications_resolved_by_user_id; Type: INDEX; Schema: public; Owner: postgres
--

CREATE INDEX "IX_Notifications_resolved_by_user_id" ON public."Notifications" USING btree (resolved_by_user_id);


--
-- Name: IX_Notifications_target_user_id; Type: INDEX; Schema: public; Owner: postgres
--

CREATE INDEX "IX_Notifications_target_user_id" ON public."Notifications" USING btree (target_user_id);


--
-- Name: IX_Notifications_ticket_id; Type: INDEX; Schema: public; Owner: postgres
--

CREATE INDEX "IX_Notifications_ticket_id" ON public."Notifications" USING btree (ticket_id);


--
-- Name: IX_ProgressRequests_notification_id; Type: INDEX; Schema: public; Owner: postgres
--

CREATE INDEX "IX_ProgressRequests_notification_id" ON public."ProgressRequests" USING btree (notification_id);


--
-- Name: IX_ProgressRequests_requested_by_user_id; Type: INDEX; Schema: public; Owner: postgres
--

CREATE INDEX "IX_ProgressRequests_requested_by_user_id" ON public."ProgressRequests" USING btree (requested_by_user_id);


--
-- Name: IX_ProgressRequests_responded_by_user_id; Type: INDEX; Schema: public; Owner: postgres
--

CREATE INDEX "IX_ProgressRequests_responded_by_user_id" ON public."ProgressRequests" USING btree (responded_by_user_id);


--
-- Name: IX_ProgressRequests_response_action_id; Type: INDEX; Schema: public; Owner: postgres
--

CREATE INDEX "IX_ProgressRequests_response_action_id" ON public."ProgressRequests" USING btree (response_action_id);


--
-- Name: IX_ProgressRequests_status; Type: INDEX; Schema: public; Owner: postgres
--

CREATE INDEX "IX_ProgressRequests_status" ON public."ProgressRequests" USING btree (status);


--
-- Name: IX_ProgressRequests_target_user_id; Type: INDEX; Schema: public; Owner: postgres
--

CREATE INDEX "IX_ProgressRequests_target_user_id" ON public."ProgressRequests" USING btree (target_user_id);


--
-- Name: IX_ProgressRequests_ticket_id; Type: INDEX; Schema: public; Owner: postgres
--

CREATE INDEX "IX_ProgressRequests_ticket_id" ON public."ProgressRequests" USING btree (ticket_id);


--
-- Name: IX_Subsystems_SystemId; Type: INDEX; Schema: public; Owner: postgres
--

CREATE INDEX "IX_Subsystems_SystemId" ON public."Subsystems" USING btree ("SystemId");


--
-- Name: IX_TicketActions_PerformedById; Type: INDEX; Schema: public; Owner: postgres
--

CREATE INDEX "IX_TicketActions_PerformedById" ON public."TicketActions" USING btree ("PerformedById");


--
-- Name: IX_TicketActions_TicketId; Type: INDEX; Schema: public; Owner: postgres
--

CREATE INDEX "IX_TicketActions_TicketId" ON public."TicketActions" USING btree ("TicketId");


--
-- Name: IX_TicketComments_CreatedById; Type: INDEX; Schema: public; Owner: postgres
--

CREATE INDEX "IX_TicketComments_CreatedById" ON public."TicketComments" USING btree ("CreatedById");


--
-- Name: IX_TicketComments_TicketId; Type: INDEX; Schema: public; Owner: postgres
--

CREATE INDEX "IX_TicketComments_TicketId" ON public."TicketComments" USING btree ("TicketId");


--
-- Name: IX_UserPermissions_GrantedById; Type: INDEX; Schema: public; Owner: postgres
--

CREATE INDEX "IX_UserPermissions_GrantedById" ON public."UserPermissions" USING btree ("GrantedById");


--
-- Name: IX_UserPermissions_UserId_PermissionType; Type: INDEX; Schema: public; Owner: postgres
--

CREATE INDEX "IX_UserPermissions_UserId_PermissionType" ON public."UserPermissions" USING btree ("UserId", "PermissionType");


--
-- Name: IX_configuration_updated_by_id; Type: INDEX; Schema: public; Owner: postgres
--

CREATE INDEX "IX_configuration_updated_by_id" ON public.configuration USING btree (updated_by_id);


--
-- Name: IX_progress_request_update_notification_id; Type: INDEX; Schema: public; Owner: postgres
--

CREATE INDEX "IX_progress_request_update_notification_id" ON public.progress_request_update USING btree (notification_id);


--
-- Name: IX_progress_request_update_progress_request_id; Type: INDEX; Schema: public; Owner: postgres
--

CREATE INDEX "IX_progress_request_update_progress_request_id" ON public.progress_request_update USING btree (progress_request_id);


--
-- Name: IX_progress_request_update_updated_by_user_id; Type: INDEX; Schema: public; Owner: postgres
--

CREATE INDEX "IX_progress_request_update_updated_by_user_id" ON public.progress_request_update USING btree (updated_by_user_id);


--
-- Name: IX_ticket_activity_control_commander_id; Type: INDEX; Schema: public; Owner: postgres
--

CREATE INDEX "IX_ticket_activity_control_commander_id" ON public.ticket USING btree (activity_control_commander_id);


--
-- Name: IX_ticket_activity_control_personnel_id; Type: INDEX; Schema: public; Owner: postgres
--

CREATE INDEX "IX_ticket_activity_control_personnel_id" ON public.ticket USING btree (activity_control_personnel_id);


--
-- Name: IX_ticket_ci_id; Type: INDEX; Schema: public; Owner: postgres
--

CREATE INDEX "IX_ticket_ci_id" ON public.ticket USING btree (ci_id);


--
-- Name: IX_ticket_component_id; Type: INDEX; Schema: public; Owner: postgres
--

CREATE INDEX "IX_ticket_component_id" ON public.ticket USING btree (component_id);


--
-- Name: IX_ticket_created_by_id; Type: INDEX; Schema: public; Owner: postgres
--

CREATE INDEX "IX_ticket_created_by_id" ON public.ticket USING btree (created_by_id);


--
-- Name: IX_ticket_detected_by_user_id; Type: INDEX; Schema: public; Owner: postgres
--

CREATE INDEX "IX_ticket_detected_by_user_id" ON public.ticket USING btree (detected_by_user_id);


--
-- Name: IX_ticket_external_code; Type: INDEX; Schema: public; Owner: postgres
--

CREATE UNIQUE INDEX "IX_ticket_external_code" ON public.ticket USING btree (external_code);


--
-- Name: IX_ticket_last_updated_by_id; Type: INDEX; Schema: public; Owner: postgres
--

CREATE INDEX "IX_ticket_last_updated_by_id" ON public.ticket USING btree (last_updated_by_id);


--
-- Name: IX_ticket_pause_paused_at; Type: INDEX; Schema: public; Owner: postgres
--

CREATE INDEX "IX_ticket_pause_paused_at" ON public.ticket_pause USING btree (paused_at);


--
-- Name: IX_ticket_pause_paused_by_user_id; Type: INDEX; Schema: public; Owner: postgres
--

CREATE INDEX "IX_ticket_pause_paused_by_user_id" ON public.ticket_pause USING btree (paused_by_user_id);


--
-- Name: IX_ticket_pause_resumed_by_user_id; Type: INDEX; Schema: public; Owner: postgres
--

CREATE INDEX "IX_ticket_pause_resumed_by_user_id" ON public.ticket_pause USING btree (resumed_by_user_id);


--
-- Name: IX_ticket_pause_ticket_id; Type: INDEX; Schema: public; Owner: postgres
--

CREATE INDEX "IX_ticket_pause_ticket_id" ON public.ticket_pause USING btree (ticket_id);


--
-- Name: IX_ticket_pause_ticket_id_resumed_at; Type: INDEX; Schema: public; Owner: postgres
--

CREATE INDEX "IX_ticket_pause_ticket_id_resumed_at" ON public.ticket_pause USING btree (ticket_id, resumed_at);


--
-- Name: IX_ticket_response_personnel_user_id; Type: INDEX; Schema: public; Owner: postgres
--

CREATE INDEX "IX_ticket_response_personnel_user_id" ON public.ticket_response_personnel USING btree (user_id);


--
-- Name: IX_ticket_response_resolved_personnel_user_id; Type: INDEX; Schema: public; Owner: postgres
--

CREATE INDEX "IX_ticket_response_resolved_personnel_user_id" ON public.ticket_response_resolved_personnel USING btree (user_id);


--
-- Name: IX_ticket_subsystem_id; Type: INDEX; Schema: public; Owner: postgres
--

CREATE INDEX "IX_ticket_subsystem_id" ON public.ticket USING btree (subsystem_id);


--
-- Name: IX_ticket_system_id; Type: INDEX; Schema: public; Owner: postgres
--

CREATE INDEX "IX_ticket_system_id" ON public.ticket USING btree (system_id);


--
-- Name: IX_user_created_by_id; Type: INDEX; Schema: public; Owner: postgres
--

CREATE INDEX "IX_user_created_by_id" ON public."user" USING btree (created_by_id);


--
-- Name: IX_user_email; Type: INDEX; Schema: public; Owner: postgres
--

CREATE UNIQUE INDEX "IX_user_email" ON public."user" USING btree (email);


--
-- Name: IX_user_last_updated_by_id; Type: INDEX; Schema: public; Owner: postgres
--

CREATE INDEX "IX_user_last_updated_by_id" ON public."user" USING btree (last_updated_by_id);


--
-- Name: IX_user_military_rank_id; Type: INDEX; Schema: public; Owner: postgres
--

CREATE INDEX "IX_user_military_rank_id" ON public."user" USING btree (military_rank_id);


--
-- Name: Attachments FK_Attachments_ticket_TicketId; Type: FK CONSTRAINT; Schema: public; Owner: postgres
--

ALTER TABLE ONLY public."Attachments"
    ADD CONSTRAINT "FK_Attachments_ticket_TicketId" FOREIGN KEY ("TicketId") REFERENCES public.ticket(id) ON DELETE CASCADE;


--
-- Name: Attachments FK_Attachments_user_UploadedById; Type: FK CONSTRAINT; Schema: public; Owner: postgres
--

ALTER TABLE ONLY public."Attachments"
    ADD CONSTRAINT "FK_Attachments_user_UploadedById" FOREIGN KEY ("UploadedById") REFERENCES public."user"(id) ON DELETE CASCADE;


--
-- Name: CIJobs FK_CIJobs_ticket_TicketId; Type: FK CONSTRAINT; Schema: public; Owner: postgres
--

ALTER TABLE ONLY public."CIJobs"
    ADD CONSTRAINT "FK_CIJobs_ticket_TicketId" FOREIGN KEY ("TicketId") REFERENCES public.ticket(id) ON DELETE CASCADE;


--
-- Name: Components FK_Components_Subsystems_SubsystemId; Type: FK CONSTRAINT; Schema: public; Owner: postgres
--

ALTER TABLE ONLY public."Components"
    ADD CONSTRAINT "FK_Components_Subsystems_SubsystemId" FOREIGN KEY ("SubsystemId") REFERENCES public."Subsystems"("Id");


--
-- Name: NotificationActions FK_NotificationActions_Notifications_NotificationId; Type: FK CONSTRAINT; Schema: public; Owner: postgres
--

ALTER TABLE ONLY public."NotificationActions"
    ADD CONSTRAINT "FK_NotificationActions_Notifications_NotificationId" FOREIGN KEY ("NotificationId") REFERENCES public."Notifications"(id) ON DELETE CASCADE;


--
-- Name: NotificationActions FK_NotificationActions_user_UserId; Type: FK CONSTRAINT; Schema: public; Owner: postgres
--

ALTER TABLE ONLY public."NotificationActions"
    ADD CONSTRAINT "FK_NotificationActions_user_UserId" FOREIGN KEY ("UserId") REFERENCES public."user"(id) ON DELETE RESTRICT;


--
-- Name: NotificationReads FK_NotificationReads_Notifications_NotificationId; Type: FK CONSTRAINT; Schema: public; Owner: postgres
--

ALTER TABLE ONLY public."NotificationReads"
    ADD CONSTRAINT "FK_NotificationReads_Notifications_NotificationId" FOREIGN KEY ("NotificationId") REFERENCES public."Notifications"(id) ON DELETE CASCADE;


--
-- Name: NotificationReads FK_NotificationReads_user_UserId; Type: FK CONSTRAINT; Schema: public; Owner: postgres
--

ALTER TABLE ONLY public."NotificationReads"
    ADD CONSTRAINT "FK_NotificationReads_user_UserId" FOREIGN KEY ("UserId") REFERENCES public."user"(id) ON DELETE CASCADE;


--
-- Name: Notifications FK_Notifications_ticket_ticket_id; Type: FK CONSTRAINT; Schema: public; Owner: postgres
--

ALTER TABLE ONLY public."Notifications"
    ADD CONSTRAINT "FK_Notifications_ticket_ticket_id" FOREIGN KEY (ticket_id) REFERENCES public.ticket(id) ON DELETE CASCADE;


--
-- Name: Notifications FK_Notifications_user_created_by_user_id; Type: FK CONSTRAINT; Schema: public; Owner: postgres
--

ALTER TABLE ONLY public."Notifications"
    ADD CONSTRAINT "FK_Notifications_user_created_by_user_id" FOREIGN KEY (created_by_user_id) REFERENCES public."user"(id) ON DELETE RESTRICT;


--
-- Name: Notifications FK_Notifications_user_resolved_by_user_id; Type: FK CONSTRAINT; Schema: public; Owner: postgres
--

ALTER TABLE ONLY public."Notifications"
    ADD CONSTRAINT "FK_Notifications_user_resolved_by_user_id" FOREIGN KEY (resolved_by_user_id) REFERENCES public."user"(id) ON DELETE RESTRICT;


--
-- Name: Notifications FK_Notifications_user_target_user_id; Type: FK CONSTRAINT; Schema: public; Owner: postgres
--

ALTER TABLE ONLY public."Notifications"
    ADD CONSTRAINT "FK_Notifications_user_target_user_id" FOREIGN KEY (target_user_id) REFERENCES public."user"(id) ON DELETE RESTRICT;


--
-- Name: ProgressRequests FK_ProgressRequests_Notifications_notification_id; Type: FK CONSTRAINT; Schema: public; Owner: postgres
--

ALTER TABLE ONLY public."ProgressRequests"
    ADD CONSTRAINT "FK_ProgressRequests_Notifications_notification_id" FOREIGN KEY (notification_id) REFERENCES public."Notifications"(id) ON DELETE SET NULL;


--
-- Name: ProgressRequests FK_ProgressRequests_TicketActions_response_action_id; Type: FK CONSTRAINT; Schema: public; Owner: postgres
--

ALTER TABLE ONLY public."ProgressRequests"
    ADD CONSTRAINT "FK_ProgressRequests_TicketActions_response_action_id" FOREIGN KEY (response_action_id) REFERENCES public."TicketActions"("Id") ON DELETE SET NULL;


--
-- Name: ProgressRequests FK_ProgressRequests_ticket_ticket_id; Type: FK CONSTRAINT; Schema: public; Owner: postgres
--

ALTER TABLE ONLY public."ProgressRequests"
    ADD CONSTRAINT "FK_ProgressRequests_ticket_ticket_id" FOREIGN KEY (ticket_id) REFERENCES public.ticket(id) ON DELETE CASCADE;


--
-- Name: ProgressRequests FK_ProgressRequests_user_requested_by_user_id; Type: FK CONSTRAINT; Schema: public; Owner: postgres
--

ALTER TABLE ONLY public."ProgressRequests"
    ADD CONSTRAINT "FK_ProgressRequests_user_requested_by_user_id" FOREIGN KEY (requested_by_user_id) REFERENCES public."user"(id) ON DELETE RESTRICT;


--
-- Name: ProgressRequests FK_ProgressRequests_user_responded_by_user_id; Type: FK CONSTRAINT; Schema: public; Owner: postgres
--

ALTER TABLE ONLY public."ProgressRequests"
    ADD CONSTRAINT "FK_ProgressRequests_user_responded_by_user_id" FOREIGN KEY (responded_by_user_id) REFERENCES public."user"(id) ON DELETE RESTRICT;


--
-- Name: ProgressRequests FK_ProgressRequests_user_target_user_id; Type: FK CONSTRAINT; Schema: public; Owner: postgres
--

ALTER TABLE ONLY public."ProgressRequests"
    ADD CONSTRAINT "FK_ProgressRequests_user_target_user_id" FOREIGN KEY (target_user_id) REFERENCES public."user"(id) ON DELETE RESTRICT;


--
-- Name: Subsystems FK_Subsystems_Systems_SystemId; Type: FK CONSTRAINT; Schema: public; Owner: postgres
--

ALTER TABLE ONLY public."Subsystems"
    ADD CONSTRAINT "FK_Subsystems_Systems_SystemId" FOREIGN KEY ("SystemId") REFERENCES public."Systems"("Id");


--
-- Name: TicketActions FK_TicketActions_ticket_TicketId; Type: FK CONSTRAINT; Schema: public; Owner: postgres
--

ALTER TABLE ONLY public."TicketActions"
    ADD CONSTRAINT "FK_TicketActions_ticket_TicketId" FOREIGN KEY ("TicketId") REFERENCES public.ticket(id) ON DELETE CASCADE;


--
-- Name: TicketActions FK_TicketActions_user_PerformedById; Type: FK CONSTRAINT; Schema: public; Owner: postgres
--

ALTER TABLE ONLY public."TicketActions"
    ADD CONSTRAINT "FK_TicketActions_user_PerformedById" FOREIGN KEY ("PerformedById") REFERENCES public."user"(id) ON DELETE RESTRICT;


--
-- Name: TicketComments FK_TicketComments_ticket_TicketId; Type: FK CONSTRAINT; Schema: public; Owner: postgres
--

ALTER TABLE ONLY public."TicketComments"
    ADD CONSTRAINT "FK_TicketComments_ticket_TicketId" FOREIGN KEY ("TicketId") REFERENCES public.ticket(id) ON DELETE CASCADE;


--
-- Name: TicketComments FK_TicketComments_user_CreatedById; Type: FK CONSTRAINT; Schema: public; Owner: postgres
--

ALTER TABLE ONLY public."TicketComments"
    ADD CONSTRAINT "FK_TicketComments_user_CreatedById" FOREIGN KEY ("CreatedById") REFERENCES public."user"(id) ON DELETE CASCADE;


--
-- Name: UserPermissions FK_UserPermissions_user_GrantedById; Type: FK CONSTRAINT; Schema: public; Owner: postgres
--

ALTER TABLE ONLY public."UserPermissions"
    ADD CONSTRAINT "FK_UserPermissions_user_GrantedById" FOREIGN KEY ("GrantedById") REFERENCES public."user"(id) ON DELETE RESTRICT;


--
-- Name: UserPermissions FK_UserPermissions_user_UserId; Type: FK CONSTRAINT; Schema: public; Owner: postgres
--

ALTER TABLE ONLY public."UserPermissions"
    ADD CONSTRAINT "FK_UserPermissions_user_UserId" FOREIGN KEY ("UserId") REFERENCES public."user"(id) ON DELETE CASCADE;


--
-- Name: configuration FK_configuration_user_updated_by_id; Type: FK CONSTRAINT; Schema: public; Owner: postgres
--

ALTER TABLE ONLY public.configuration
    ADD CONSTRAINT "FK_configuration_user_updated_by_id" FOREIGN KEY (updated_by_id) REFERENCES public."user"(id) ON DELETE SET NULL;


--
-- Name: progress_request_update FK_progress_request_update_Notifications_notification_id; Type: FK CONSTRAINT; Schema: public; Owner: postgres
--

ALTER TABLE ONLY public.progress_request_update
    ADD CONSTRAINT "FK_progress_request_update_Notifications_notification_id" FOREIGN KEY (notification_id) REFERENCES public."Notifications"(id);


--
-- Name: progress_request_update FK_progress_request_update_ProgressRequests_progress_request_id; Type: FK CONSTRAINT; Schema: public; Owner: postgres
--

ALTER TABLE ONLY public.progress_request_update
    ADD CONSTRAINT "FK_progress_request_update_ProgressRequests_progress_request_id" FOREIGN KEY (progress_request_id) REFERENCES public."ProgressRequests"("Id") ON DELETE CASCADE;


--
-- Name: progress_request_update FK_progress_request_update_user_updated_by_user_id; Type: FK CONSTRAINT; Schema: public; Owner: postgres
--

ALTER TABLE ONLY public.progress_request_update
    ADD CONSTRAINT "FK_progress_request_update_user_updated_by_user_id" FOREIGN KEY (updated_by_user_id) REFERENCES public."user"(id) ON DELETE RESTRICT;


--
-- Name: ticket FK_ticket_Components_component_id; Type: FK CONSTRAINT; Schema: public; Owner: postgres
--

ALTER TABLE ONLY public.ticket
    ADD CONSTRAINT "FK_ticket_Components_component_id" FOREIGN KEY (component_id) REFERENCES public."Components"("Id") ON DELETE RESTRICT;


--
-- Name: ticket FK_ticket_ConfigurationItems_ci_id; Type: FK CONSTRAINT; Schema: public; Owner: postgres
--

ALTER TABLE ONLY public.ticket
    ADD CONSTRAINT "FK_ticket_ConfigurationItems_ci_id" FOREIGN KEY (ci_id) REFERENCES public."ConfigurationItems"("Id") ON DELETE RESTRICT;


--
-- Name: ticket FK_ticket_Subsystems_subsystem_id; Type: FK CONSTRAINT; Schema: public; Owner: postgres
--

ALTER TABLE ONLY public.ticket
    ADD CONSTRAINT "FK_ticket_Subsystems_subsystem_id" FOREIGN KEY (subsystem_id) REFERENCES public."Subsystems"("Id") ON DELETE RESTRICT;


--
-- Name: ticket FK_ticket_Systems_system_id; Type: FK CONSTRAINT; Schema: public; Owner: postgres
--

ALTER TABLE ONLY public.ticket
    ADD CONSTRAINT "FK_ticket_Systems_system_id" FOREIGN KEY (system_id) REFERENCES public."Systems"("Id") ON DELETE RESTRICT;


--
-- Name: ticket_pause FK_ticket_pause_ticket_ticket_id; Type: FK CONSTRAINT; Schema: public; Owner: postgres
--

ALTER TABLE ONLY public.ticket_pause
    ADD CONSTRAINT "FK_ticket_pause_ticket_ticket_id" FOREIGN KEY (ticket_id) REFERENCES public.ticket(id) ON DELETE CASCADE;


--
-- Name: ticket_pause FK_ticket_pause_user_paused_by_user_id; Type: FK CONSTRAINT; Schema: public; Owner: postgres
--

ALTER TABLE ONLY public.ticket_pause
    ADD CONSTRAINT "FK_ticket_pause_user_paused_by_user_id" FOREIGN KEY (paused_by_user_id) REFERENCES public."user"(id) ON DELETE RESTRICT;


--
-- Name: ticket_pause FK_ticket_pause_user_resumed_by_user_id; Type: FK CONSTRAINT; Schema: public; Owner: postgres
--

ALTER TABLE ONLY public.ticket_pause
    ADD CONSTRAINT "FK_ticket_pause_user_resumed_by_user_id" FOREIGN KEY (resumed_by_user_id) REFERENCES public."user"(id) ON DELETE RESTRICT;


--
-- Name: ticket_response_personnel FK_ticket_response_personnel_ticket_ticket_id; Type: FK CONSTRAINT; Schema: public; Owner: postgres
--

ALTER TABLE ONLY public.ticket_response_personnel
    ADD CONSTRAINT "FK_ticket_response_personnel_ticket_ticket_id" FOREIGN KEY (ticket_id) REFERENCES public.ticket(id) ON DELETE CASCADE;


--
-- Name: ticket_response_personnel FK_ticket_response_personnel_user_user_id; Type: FK CONSTRAINT; Schema: public; Owner: postgres
--

ALTER TABLE ONLY public.ticket_response_personnel
    ADD CONSTRAINT "FK_ticket_response_personnel_user_user_id" FOREIGN KEY (user_id) REFERENCES public."user"(id) ON DELETE CASCADE;


--
-- Name: ticket_response_resolved_personnel FK_ticket_response_resolved_personnel_ticket_ticket_id; Type: FK CONSTRAINT; Schema: public; Owner: postgres
--

ALTER TABLE ONLY public.ticket_response_resolved_personnel
    ADD CONSTRAINT "FK_ticket_response_resolved_personnel_ticket_ticket_id" FOREIGN KEY (ticket_id) REFERENCES public.ticket(id) ON DELETE CASCADE;


--
-- Name: ticket_response_resolved_personnel FK_ticket_response_resolved_personnel_user_user_id; Type: FK CONSTRAINT; Schema: public; Owner: postgres
--

ALTER TABLE ONLY public.ticket_response_resolved_personnel
    ADD CONSTRAINT "FK_ticket_response_resolved_personnel_user_user_id" FOREIGN KEY (user_id) REFERENCES public."user"(id) ON DELETE CASCADE;


--
-- Name: ticket FK_ticket_user_activity_control_commander_id; Type: FK CONSTRAINT; Schema: public; Owner: postgres
--

ALTER TABLE ONLY public.ticket
    ADD CONSTRAINT "FK_ticket_user_activity_control_commander_id" FOREIGN KEY (activity_control_commander_id) REFERENCES public."user"(id) ON DELETE RESTRICT;


--
-- Name: ticket FK_ticket_user_activity_control_personnel_id; Type: FK CONSTRAINT; Schema: public; Owner: postgres
--

ALTER TABLE ONLY public.ticket
    ADD CONSTRAINT "FK_ticket_user_activity_control_personnel_id" FOREIGN KEY (activity_control_personnel_id) REFERENCES public."user"(id) ON DELETE RESTRICT;


--
-- Name: ticket FK_ticket_user_created_by_id; Type: FK CONSTRAINT; Schema: public; Owner: postgres
--

ALTER TABLE ONLY public.ticket
    ADD CONSTRAINT "FK_ticket_user_created_by_id" FOREIGN KEY (created_by_id) REFERENCES public."user"(id) ON DELETE RESTRICT;


--
-- Name: ticket FK_ticket_user_last_updated_by_id; Type: FK CONSTRAINT; Schema: public; Owner: postgres
--

ALTER TABLE ONLY public.ticket
    ADD CONSTRAINT "FK_ticket_user_last_updated_by_id" FOREIGN KEY (last_updated_by_id) REFERENCES public."user"(id) ON DELETE RESTRICT;


--
-- Name: user FK_user_MilitaryRanks_military_rank_id; Type: FK CONSTRAINT; Schema: public; Owner: postgres
--

ALTER TABLE ONLY public."user"
    ADD CONSTRAINT "FK_user_MilitaryRanks_military_rank_id" FOREIGN KEY (military_rank_id) REFERENCES public."MilitaryRanks"("Id") ON DELETE SET NULL;


--
-- Name: user FK_user_user_created_by_id; Type: FK CONSTRAINT; Schema: public; Owner: postgres
--

ALTER TABLE ONLY public."user"
    ADD CONSTRAINT "FK_user_user_created_by_id" FOREIGN KEY (created_by_id) REFERENCES public."user"(id) ON DELETE RESTRICT;


--
-- Name: user FK_user_user_last_updated_by_id; Type: FK CONSTRAINT; Schema: public; Owner: postgres
--

ALTER TABLE ONLY public."user"
    ADD CONSTRAINT "FK_user_user_last_updated_by_id" FOREIGN KEY (last_updated_by_id) REFERENCES public."user"(id) ON DELETE RESTRICT;


--
-- Name: ticket fk_ticket_detection_detected_by_user; Type: FK CONSTRAINT; Schema: public; Owner: postgres
--

ALTER TABLE ONLY public.ticket
    ADD CONSTRAINT fk_ticket_detection_detected_by_user FOREIGN KEY (detected_by_user_id) REFERENCES public."user"(id) ON DELETE SET NULL;


--
-- PostgreSQL database dump complete
--

\unrestrict muoLaFmHfriDBBbgfO2tzXty68DOmfws3IuZKtQ8iitpcL2PleqhArivjNTyMi9

